-- phpMyAdmin SQL Dump
-- version 5.2.0
-- https://www.phpmyadmin.net/
--
-- Servidor: 127.0.0.1
-- Tiempo de generación: 25-05-2023 a las 22:01:17
-- Versión del servidor: 10.4.25-MariaDB
-- Versión de PHP: 8.1.10

SET SQL_MODE = "NO_AUTO_VALUE_ON_ZERO";
START TRANSACTION;
SET time_zone = "+00:00";


/*!40101 SET @OLD_CHARACTER_SET_CLIENT=@@CHARACTER_SET_CLIENT */;
/*!40101 SET @OLD_CHARACTER_SET_RESULTS=@@CHARACTER_SET_RESULTS */;
/*!40101 SET @OLD_COLLATION_CONNECTION=@@COLLATION_CONNECTION */;
/*!40101 SET NAMES utf8mb4 */;

--
-- Base de datos: `cine`
--

-- --------------------------------------------------------

--
-- Estructura de tabla para la tabla `butaca`
--

CREATE TABLE `butaca` (
  `id_butaca` smallint(6) NOT NULL,
  `columna` smallint(6) NOT NULL,
  `fila` smallint(6) NOT NULL,
  `color` enum('Verde','Rojo','Gris','Azul') COLLATE utf8mb4_spanish_ci NOT NULL,
  `id_sala` smallint(6) NOT NULL
) ENGINE=InnoDB DEFAULT CHARSET=utf8mb4 COLLATE=utf8mb4_spanish_ci;

--
-- Volcado de datos para la tabla `butaca`
--

INSERT INTO `butaca` (`id_butaca`, `columna`, `fila`, `color`, `id_sala`) VALUES
(1, 1, 10, 'Verde', 2),
(2, 2, 10, 'Verde', 2),
(3, 3, 10, 'Verde', 2),
(4, 4, 10, 'Verde', 2),
(5, 5, 10, 'Verde', 2),
(6, 6, 10, 'Verde', 2),
(7, 7, 10, 'Verde', 2),
(8, 8, 10, 'Verde', 2),
(9, 9, 10, 'Verde', 2),
(10, 10, 10, 'Verde', 2),
(11, 11, 10, 'Verde', 2),
(12, 12, 10, 'Verde', 2),
(13, 13, 10, 'Verde', 2),
(14, 14, 10, 'Verde', 2),
(15, 15, 10, 'Verde', 2),
(16, 16, 10, 'Verde', 2),
(17, 17, 10, 'Verde', 2),
(18, 18, 10, 'Verde', 2),
(19, 19, 10, 'Verde', 2),
(20, 20, 10, 'Verde', 2),
(21, 1, 9, 'Verde', 2),
(22, 2, 9, 'Verde', 2),
(23, 3, 9, 'Verde', 2),
(24, 4, 9, 'Verde', 2),
(25, 6, 9, 'Verde', 2),
(26, 7, 9, 'Verde', 2),
(27, 8, 9, 'Verde', 2),
(28, 9, 9, 'Verde', 2),
(29, 10, 9, 'Verde', 2),
(30, 11, 9, 'Verde', 2),
(31, 12, 9, 'Verde', 2),
(32, 13, 9, 'Verde', 2),
(33, 14, 9, 'Verde', 2),
(34, 15, 9, 'Verde', 2),
(35, 17, 9, 'Verde', 2),
(36, 18, 9, 'Verde', 2),
(37, 19, 9, 'Verde', 2),
(38, 20, 9, 'Verde', 2),
(39, 1, 8, 'Verde', 2),
(40, 2, 8, 'Verde', 2),
(41, 3, 8, 'Verde', 2),
(42, 4, 8, 'Verde', 2),
(43, 6, 8, 'Verde', 2),
(44, 7, 8, 'Verde', 2),
(45, 8, 8, 'Verde', 2),
(46, 9, 8, 'Verde', 2),
(47, 10, 8, 'Verde', 2),
(48, 11, 8, 'Verde', 2),
(49, 12, 8, 'Verde', 2),
(50, 13, 8, 'Verde', 2),
(51, 14, 8, 'Verde', 2),
(52, 15, 8, 'Verde', 2),
(53, 17, 8, 'Verde', 2),
(54, 18, 8, 'Verde', 2),
(55, 19, 8, 'Verde', 2),
(56, 20, 8, 'Verde', 2),
(57, 1, 7, 'Verde', 2),
(58, 2, 7, 'Verde', 2),
(59, 3, 7, 'Verde', 2),
(60, 4, 7, 'Verde', 2),
(61, 6, 7, 'Verde', 2),
(62, 7, 7, 'Verde', 2),
(63, 8, 7, 'Verde', 2),
(64, 9, 7, 'Verde', 2),
(65, 10, 7, 'Verde', 2),
(66, 11, 7, 'Verde', 2),
(67, 12, 7, 'Verde', 2),
(68, 13, 7, 'Verde', 2),
(69, 14, 7, 'Verde', 2),
(70, 15, 7, 'Verde', 2),
(71, 17, 7, 'Verde', 2),
(72, 18, 7, 'Verde', 2),
(73, 19, 7, 'Verde', 2),
(74, 20, 7, 'Verde', 2),
(75, 1, 6, 'Verde', 2),
(76, 2, 6, 'Verde', 2),
(77, 3, 6, 'Verde', 2),
(78, 4, 6, 'Verde', 2),
(79, 6, 6, 'Verde', 2),
(80, 7, 6, 'Verde', 2),
(81, 8, 6, 'Verde', 2),
(82, 9, 6, 'Verde', 2),
(83, 10, 6, 'Verde', 2),
(84, 11, 6, 'Verde', 2),
(85, 12, 6, 'Verde', 2),
(86, 13, 6, 'Verde', 2),
(87, 14, 6, 'Verde', 2),
(88, 15, 6, 'Verde', 2),
(89, 17, 6, 'Verde', 2),
(90, 18, 6, 'Verde', 2),
(91, 19, 6, 'Verde', 2),
(92, 20, 6, 'Verde', 2),
(93, 3, 5, 'Verde', 2),
(94, 4, 5, 'Verde', 2),
(95, 6, 5, 'Verde', 2),
(96, 7, 5, 'Verde', 2),
(97, 8, 5, 'Verde', 2),
(98, 9, 5, 'Verde', 2),
(99, 10, 5, 'Verde', 2),
(100, 11, 5, 'Verde', 2),
(101, 12, 5, 'Verde', 2),
(102, 13, 5, 'Verde', 2),
(103, 14, 5, 'Verde', 2),
(104, 15, 5, 'Verde', 2),
(105, 17, 5, 'Verde', 2),
(106, 18, 5, 'Verde', 2),
(107, 19, 5, 'Verde', 2),
(108, 20, 5, 'Verde', 2),
(109, 3, 4, 'Verde', 2),
(110, 4, 4, 'Verde', 2),
(111, 6, 4, 'Verde', 2),
(112, 7, 4, 'Verde', 2),
(113, 8, 4, 'Verde', 2),
(114, 9, 4, 'Verde', 2),
(115, 10, 4, 'Verde', 2),
(116, 11, 4, 'Verde', 2),
(117, 12, 4, 'Verde', 2),
(118, 13, 4, 'Verde', 2),
(119, 14, 4, 'Verde', 2),
(120, 15, 4, 'Verde', 2),
(121, 17, 4, 'Verde', 2),
(122, 18, 4, 'Verde', 2),
(123, 19, 4, 'Verde', 2),
(124, 20, 4, 'Verde', 2),
(125, 3, 3, 'Verde', 2),
(126, 4, 3, 'Verde', 2),
(127, 6, 3, 'Verde', 2),
(128, 7, 3, 'Verde', 2),
(129, 8, 3, 'Verde', 2),
(130, 9, 3, 'Verde', 2),
(131, 10, 3, 'Verde', 2),
(132, 11, 3, 'Verde', 2),
(133, 12, 3, 'Verde', 2),
(134, 13, 3, 'Verde', 2),
(135, 14, 3, 'Verde', 2),
(136, 15, 3, 'Verde', 2),
(137, 17, 3, 'Verde', 2),
(138, 18, 3, 'Verde', 2),
(139, 19, 3, 'Verde', 2),
(140, 20, 3, 'Verde', 2),
(141, 3, 2, 'Verde', 2),
(142, 4, 2, 'Verde', 2),
(143, 6, 2, 'Verde', 2),
(144, 7, 2, 'Verde', 2),
(145, 8, 2, 'Verde', 2),
(146, 9, 2, 'Verde', 2),
(147, 10, 2, 'Verde', 2),
(148, 11, 2, 'Verde', 2),
(149, 12, 2, 'Verde', 2),
(150, 13, 2, 'Verde', 2),
(151, 14, 2, 'Verde', 2),
(152, 15, 2, 'Verde', 2),
(153, 17, 2, 'Verde', 2),
(154, 18, 2, 'Verde', 2),
(155, 19, 2, 'Verde', 2),
(156, 20, 2, 'Verde', 2),
(157, 3, 1, 'Verde', 2),
(158, 4, 1, 'Verde', 2),
(159, 6, 1, 'Verde', 2),
(160, 7, 1, 'Verde', 2),
(161, 8, 1, 'Azul', 2),
(162, 9, 1, 'Azul', 2),
(163, 10, 1, 'Azul', 2),
(164, 11, 1, 'Azul', 2),
(165, 12, 1, 'Azul', 2),
(166, 13, 1, 'Azul', 2),
(167, 14, 1, 'Verde', 2),
(168, 15, 1, 'Verde', 2),
(169, 17, 1, 'Verde', 2),
(170, 18, 1, 'Verde', 2),
(171, 19, 1, 'Verde', 2),
(172, 20, 1, 'Verde', 2),
(173, 1, 5, 'Verde', 3),
(174, 2, 5, 'Verde', 3),
(175, 3, 5, 'Verde', 3),
(176, 4, 5, 'Verde', 3),
(177, 5, 5, 'Verde', 3),
(178, 6, 5, 'Verde', 3),
(179, 7, 5, 'Verde', 3),
(180, 8, 5, 'Verde', 3),
(181, 9, 5, 'Verde', 3),
(182, 10, 5, 'Verde', 3),
(183, 1, 4, 'Verde', 3),
(184, 2, 4, 'Verde', 3),
(185, 4, 4, 'Verde', 3),
(186, 5, 4, 'Verde', 3),
(187, 6, 4, 'Verde', 3),
(188, 7, 4, 'Verde', 3),
(189, 9, 4, 'Verde', 3),
(190, 10, 4, 'Verde', 3),
(191, 1, 3, 'Verde', 3),
(192, 2, 3, 'Verde', 3),
(193, 4, 3, 'Verde', 3),
(194, 5, 3, 'Verde', 3),
(195, 6, 3, 'Verde', 3),
(196, 7, 3, 'Verde', 3),
(197, 9, 3, 'Verde', 3),
(198, 10, 3, 'Verde', 3),
(199, 1, 2, 'Verde', 3),
(200, 2, 2, 'Verde', 3),
(201, 4, 2, 'Verde', 3),
(202, 5, 2, 'Verde', 3),
(203, 6, 2, 'Verde', 3),
(204, 7, 2, 'Verde', 3),
(205, 9, 2, 'Verde', 3),
(206, 10, 2, 'Verde', 3),
(207, 1, 1, 'Verde', 3),
(208, 2, 1, 'Azul', 3),
(209, 4, 1, 'Verde', 3),
(210, 5, 1, 'Verde', 3),
(211, 6, 1, 'Verde', 3),
(212, 7, 1, 'Verde', 3),
(213, 9, 1, 'Azul', 3),
(214, 10, 1, 'Verde', 3),
(215, 1, 16, 'Verde', 4),
(216, 2, 16, 'Verde', 4),
(217, 3, 16, 'Verde', 4),
(218, 4, 16, 'Verde', 4),
(219, 5, 16, 'Verde', 4),
(220, 6, 16, 'Verde', 4),
(221, 7, 16, 'Verde', 4),
(222, 8, 16, 'Verde', 4),
(223, 9, 16, 'Verde', 4),
(224, 10, 16, 'Verde', 4),
(225, 11, 16, 'Verde', 4),
(226, 12, 16, 'Verde', 4),
(227, 13, 16, 'Verde', 4),
(228, 14, 16, 'Verde', 4),
(229, 15, 16, 'Verde', 4),
(230, 16, 16, 'Verde', 4),
(231, 17, 16, 'Verde', 4),
(232, 18, 16, 'Verde', 4),
(233, 19, 16, 'Verde', 4),
(234, 20, 16, 'Verde', 4),
(235, 21, 16, 'Verde', 4),
(236, 22, 16, 'Verde', 4),
(237, 23, 16, 'Verde', 4),
(238, 24, 16, 'Gris', 4),
(239, 25, 16, 'Gris', 4),
(240, 26, 16, 'Gris', 4),
(241, 1, 15, 'Verde', 4),
(242, 2, 15, 'Verde', 4),
(243, 3, 15, 'Verde', 4),
(244, 4, 15, 'Verde', 4),
(245, 6, 15, 'Verde', 4),
(246, 7, 15, 'Verde', 4),
(247, 8, 15, 'Verde', 4),
(248, 9, 15, 'Verde', 4),
(249, 10, 15, 'Verde', 4),
(250, 11, 15, 'Verde', 4),
(251, 12, 15, 'Verde', 4),
(252, 15, 15, 'Verde', 4),
(253, 16, 15, 'Verde', 4),
(254, 17, 15, 'Verde', 4),
(255, 18, 15, 'Verde', 4),
(256, 19, 15, 'Verde', 4),
(257, 20, 15, 'Verde', 4),
(258, 21, 15, 'Verde', 4),
(259, 23, 15, 'Verde', 4),
(260, 24, 15, 'Verde', 4),
(261, 25, 15, 'Gris', 4),
(262, 26, 15, 'Gris', 4),
(263, 1, 14, 'Verde', 4),
(264, 2, 14, 'Verde', 4),
(265, 3, 14, 'Verde', 4),
(266, 4, 14, 'Verde', 4),
(267, 6, 14, 'Verde', 4),
(268, 7, 14, 'Verde', 4),
(269, 8, 14, 'Verde', 4),
(270, 9, 14, 'Verde', 4),
(271, 10, 14, 'Verde', 4),
(272, 11, 14, 'Verde', 4),
(273, 12, 14, 'Verde', 4),
(274, 15, 14, 'Verde', 4),
(275, 16, 14, 'Verde', 4),
(276, 17, 14, 'Verde', 4),
(277, 18, 14, 'Verde', 4),
(278, 19, 14, 'Verde', 4),
(279, 20, 14, 'Verde', 4),
(280, 21, 14, 'Verde', 4),
(281, 23, 14, 'Verde', 4),
(282, 24, 14, 'Verde', 4),
(283, 25, 14, 'Verde', 4),
(284, 26, 14, 'Gris', 4),
(285, 1, 13, 'Verde', 4),
(286, 2, 13, 'Verde', 4),
(287, 3, 13, 'Verde', 4),
(288, 4, 13, 'Verde', 4),
(289, 6, 13, 'Verde', 4),
(290, 7, 13, 'Verde', 4),
(291, 8, 13, 'Verde', 4),
(292, 9, 13, 'Verde', 4),
(293, 10, 13, 'Verde', 4),
(294, 11, 13, 'Verde', 4),
(295, 12, 13, 'Verde', 4),
(296, 15, 13, 'Verde', 4),
(297, 16, 13, 'Verde', 4),
(298, 17, 13, 'Verde', 4),
(299, 18, 13, 'Verde', 4),
(300, 19, 13, 'Verde', 4),
(301, 20, 13, 'Verde', 4),
(302, 21, 13, 'Verde', 4),
(303, 23, 13, 'Verde', 4),
(304, 24, 13, 'Verde', 4),
(305, 25, 13, 'Verde', 4),
(306, 26, 13, 'Verde', 4),
(307, 1, 12, 'Verde', 4),
(308, 2, 12, 'Verde', 4),
(309, 3, 12, 'Verde', 4),
(310, 4, 12, 'Verde', 4),
(311, 6, 12, 'Verde', 4),
(312, 7, 12, 'Verde', 4),
(313, 8, 12, 'Verde', 4),
(314, 9, 12, 'Verde', 4),
(315, 10, 12, 'Verde', 4),
(316, 11, 12, 'Verde', 4),
(317, 12, 12, 'Verde', 4),
(318, 15, 12, 'Verde', 4),
(319, 16, 12, 'Verde', 4),
(320, 17, 12, 'Verde', 4),
(321, 18, 12, 'Verde', 4),
(322, 19, 12, 'Verde', 4),
(323, 20, 12, 'Verde', 4),
(324, 21, 12, 'Verde', 4),
(325, 23, 12, 'Verde', 4),
(326, 24, 12, 'Verde', 4),
(327, 25, 12, 'Verde', 4),
(328, 26, 12, 'Verde', 4),
(329, 1, 11, 'Verde', 4),
(330, 2, 11, 'Verde', 4),
(331, 3, 11, 'Verde', 4),
(332, 4, 11, 'Verde', 4),
(333, 6, 11, 'Verde', 4),
(334, 7, 11, 'Verde', 4),
(335, 8, 11, 'Verde', 4),
(336, 9, 11, 'Verde', 4),
(337, 10, 11, 'Verde', 4),
(338, 11, 11, 'Verde', 4),
(339, 12, 11, 'Verde', 4),
(340, 15, 11, 'Verde', 4),
(341, 16, 11, 'Verde', 4),
(342, 17, 11, 'Verde', 4),
(343, 18, 11, 'Verde', 4),
(344, 19, 11, 'Verde', 4),
(345, 20, 11, 'Verde', 4),
(346, 21, 11, 'Verde', 4),
(347, 23, 11, 'Verde', 4),
(348, 24, 11, 'Verde', 4),
(349, 25, 11, 'Verde', 4),
(350, 26, 11, 'Verde', 4),
(351, 1, 10, 'Verde', 4),
(352, 2, 10, 'Verde', 4),
(353, 3, 10, 'Verde', 4),
(354, 4, 10, 'Verde', 4),
(355, 6, 10, 'Verde', 4),
(356, 7, 10, 'Verde', 4),
(357, 8, 10, 'Verde', 4),
(358, 9, 10, 'Verde', 4),
(359, 10, 10, 'Verde', 4),
(360, 11, 10, 'Verde', 4),
(361, 12, 10, 'Verde', 4),
(362, 15, 10, 'Verde', 4),
(363, 16, 10, 'Verde', 4),
(364, 17, 10, 'Verde', 4),
(365, 18, 10, 'Verde', 4),
(366, 19, 10, 'Verde', 4),
(367, 20, 10, 'Verde', 4),
(368, 21, 10, 'Verde', 4),
(369, 23, 10, 'Verde', 4),
(370, 24, 10, 'Verde', 4),
(371, 25, 10, 'Verde', 4),
(372, 26, 10, 'Verde', 4),
(373, 3, 9, 'Verde', 4),
(374, 4, 9, 'Verde', 4),
(375, 6, 9, 'Verde', 4),
(376, 7, 9, 'Verde', 4),
(377, 8, 9, 'Verde', 4),
(378, 9, 9, 'Verde', 4),
(379, 10, 9, 'Verde', 4),
(380, 11, 9, 'Verde', 4),
(381, 12, 9, 'Verde', 4),
(382, 15, 9, 'Verde', 4),
(383, 16, 9, 'Verde', 4),
(384, 17, 9, 'Verde', 4),
(385, 18, 9, 'Verde', 4),
(386, 19, 9, 'Verde', 4),
(387, 20, 9, 'Verde', 4),
(388, 21, 9, 'Verde', 4),
(389, 23, 9, 'Verde', 4),
(390, 24, 9, 'Verde', 4),
(391, 3, 8, 'Verde', 4),
(392, 4, 8, 'Verde', 4),
(393, 6, 8, 'Verde', 4),
(394, 7, 8, 'Verde', 4),
(395, 8, 8, 'Verde', 4),
(396, 9, 8, 'Verde', 4),
(397, 10, 8, 'Verde', 4),
(398, 11, 8, 'Verde', 4),
(399, 12, 8, 'Verde', 4),
(400, 15, 8, 'Verde', 4),
(401, 16, 8, 'Verde', 4),
(402, 17, 8, 'Verde', 4),
(403, 18, 8, 'Verde', 4),
(404, 19, 8, 'Verde', 4),
(405, 20, 8, 'Verde', 4),
(406, 21, 8, 'Verde', 4),
(407, 23, 8, 'Verde', 4),
(408, 24, 8, 'Verde', 4),
(409, 3, 7, 'Verde', 4),
(410, 4, 7, 'Verde', 4),
(411, 6, 7, 'Verde', 4),
(412, 7, 7, 'Verde', 4),
(413, 8, 7, 'Verde', 4),
(414, 9, 7, 'Verde', 4),
(415, 10, 7, 'Verde', 4),
(416, 11, 7, 'Verde', 4),
(417, 12, 7, 'Verde', 4),
(418, 15, 7, 'Verde', 4),
(419, 16, 7, 'Verde', 4),
(420, 17, 7, 'Verde', 4),
(421, 18, 7, 'Verde', 4),
(422, 19, 7, 'Verde', 4),
(423, 20, 7, 'Verde', 4),
(424, 21, 7, 'Verde', 4),
(425, 23, 7, 'Verde', 4),
(426, 24, 7, 'Verde', 4),
(427, 3, 6, 'Verde', 4),
(428, 4, 6, 'Verde', 4),
(429, 6, 6, 'Verde', 4),
(430, 7, 6, 'Verde', 4),
(431, 8, 6, 'Verde', 4),
(432, 9, 6, 'Verde', 4),
(433, 10, 6, 'Verde', 4),
(434, 11, 6, 'Verde', 4),
(435, 12, 6, 'Verde', 4),
(436, 15, 6, 'Verde', 4),
(437, 16, 6, 'Verde', 4),
(438, 17, 6, 'Verde', 4),
(439, 18, 6, 'Verde', 4),
(440, 19, 6, 'Verde', 4),
(441, 20, 6, 'Verde', 4),
(442, 21, 6, 'Verde', 4),
(443, 23, 6, 'Verde', 4),
(444, 24, 6, 'Verde', 4),
(445, 3, 5, 'Verde', 4),
(446, 4, 5, 'Verde', 4),
(447, 6, 5, 'Verde', 4),
(448, 7, 5, 'Verde', 4),
(449, 8, 5, 'Verde', 4),
(450, 9, 5, 'Verde', 4),
(451, 10, 5, 'Verde', 4),
(452, 11, 5, 'Verde', 4),
(453, 12, 5, 'Verde', 4),
(454, 15, 5, 'Verde', 4),
(455, 16, 5, 'Verde', 4),
(456, 17, 5, 'Verde', 4),
(457, 18, 5, 'Verde', 4),
(458, 19, 5, 'Verde', 4),
(459, 20, 5, 'Verde', 4),
(460, 21, 5, 'Verde', 4),
(461, 23, 5, 'Verde', 4),
(462, 24, 5, 'Verde', 4),
(463, 3, 4, 'Verde', 4),
(464, 4, 4, 'Verde', 4),
(465, 6, 4, 'Verde', 4),
(466, 7, 4, 'Verde', 4),
(467, 8, 4, 'Verde', 4),
(468, 9, 4, 'Verde', 4),
(469, 10, 4, 'Verde', 4),
(470, 11, 4, 'Verde', 4),
(471, 12, 4, 'Verde', 4),
(472, 15, 4, 'Verde', 4),
(473, 16, 4, 'Verde', 4),
(474, 17, 4, 'Verde', 4),
(475, 18, 4, 'Verde', 4),
(476, 19, 4, 'Verde', 4),
(477, 20, 4, 'Verde', 4),
(478, 21, 4, 'Verde', 4),
(479, 23, 4, 'Verde', 4),
(480, 24, 4, 'Verde', 4),
(481, 3, 3, 'Verde', 4),
(482, 4, 3, 'Verde', 4),
(483, 6, 3, 'Verde', 4),
(484, 7, 3, 'Verde', 4),
(485, 8, 3, 'Verde', 4),
(486, 9, 3, 'Verde', 4),
(487, 10, 3, 'Verde', 4),
(488, 11, 3, 'Verde', 4),
(489, 12, 3, 'Verde', 4),
(490, 15, 3, 'Verde', 4),
(491, 16, 3, 'Verde', 4),
(492, 17, 3, 'Verde', 4),
(493, 18, 3, 'Verde', 4),
(494, 19, 3, 'Verde', 4),
(495, 20, 3, 'Verde', 4),
(496, 21, 3, 'Verde', 4),
(497, 23, 3, 'Verde', 4),
(498, 24, 3, 'Verde', 4),
(499, 3, 2, 'Verde', 4),
(500, 4, 2, 'Verde', 4),
(501, 6, 2, 'Verde', 4),
(502, 7, 2, 'Verde', 4),
(503, 8, 2, 'Verde', 4),
(504, 9, 2, 'Verde', 4),
(505, 10, 2, 'Verde', 4),
(506, 11, 2, 'Verde', 4),
(507, 12, 2, 'Verde', 4),
(508, 15, 2, 'Verde', 4),
(509, 16, 2, 'Verde', 4),
(510, 17, 2, 'Verde', 4),
(511, 18, 2, 'Verde', 4),
(512, 19, 2, 'Verde', 4),
(513, 20, 2, 'Verde', 4),
(514, 21, 2, 'Verde', 4),
(515, 23, 2, 'Verde', 4),
(516, 24, 2, 'Verde', 4),
(517, 3, 1, 'Verde', 4),
(518, 4, 1, 'Verde', 4),
(519, 6, 1, 'Verde', 4),
(520, 7, 1, 'Verde', 4),
(521, 8, 1, 'Verde', 4),
(522, 9, 1, 'Verde', 4),
(523, 10, 1, 'Azul', 4),
(524, 11, 1, 'Azul', 4),
(525, 12, 1, 'Azul', 4),
(526, 15, 1, 'Azul', 4),
(527, 16, 1, 'Azul', 4),
(528, 17, 1, 'Azul', 4),
(529, 18, 1, 'Verde', 4),
(530, 19, 1, 'Verde', 4),
(531, 20, 1, 'Verde', 4),
(532, 21, 1, 'Verde', 4),
(533, 23, 1, 'Verde', 4),
(534, 24, 1, 'Verde', 4),
(535, 1, 8, 'Verde', 5),
(536, 2, 8, 'Verde', 5),
(537, 3, 8, 'Verde', 5),
(538, 4, 8, 'Verde', 5),
(539, 5, 8, 'Verde', 5),
(540, 6, 8, 'Verde', 5),
(541, 7, 8, 'Verde', 5),
(542, 8, 8, 'Verde', 5),
(543, 11, 8, 'Verde', 5),
(544, 12, 8, 'Verde', 5),
(545, 13, 8, 'Verde', 5),
(546, 14, 8, 'Verde', 5),
(547, 15, 8, 'Verde', 5),
(548, 16, 8, 'Verde', 5),
(549, 17, 8, 'Verde', 5),
(550, 18, 8, 'Verde', 5),
(551, 1, 7, 'Verde', 5),
(552, 2, 7, 'Verde', 5),
(553, 3, 7, 'Verde', 5),
(554, 4, 7, 'Verde', 5),
(555, 5, 7, 'Verde', 5),
(556, 6, 7, 'Verde', 5),
(557, 7, 7, 'Verde', 5),
(558, 8, 7, 'Verde', 5),
(559, 11, 7, 'Verde', 5),
(560, 12, 7, 'Verde', 5),
(561, 13, 7, 'Verde', 5),
(562, 14, 7, 'Verde', 5),
(563, 15, 7, 'Verde', 5),
(564, 16, 7, 'Verde', 5),
(565, 17, 7, 'Verde', 5),
(566, 18, 7, 'Verde', 5),
(567, 1, 6, 'Verde', 5),
(568, 2, 6, 'Verde', 5),
(569, 3, 6, 'Verde', 5),
(570, 4, 6, 'Verde', 5),
(571, 5, 6, 'Verde', 5),
(572, 6, 6, 'Verde', 5),
(573, 7, 6, 'Verde', 5),
(574, 8, 6, 'Verde', 5),
(575, 11, 6, 'Verde', 5),
(576, 12, 6, 'Verde', 5),
(577, 13, 6, 'Verde', 5),
(578, 14, 6, 'Verde', 5),
(579, 15, 6, 'Verde', 5),
(580, 16, 6, 'Verde', 5),
(581, 17, 6, 'Verde', 5),
(582, 18, 6, 'Verde', 5),
(583, 1, 5, 'Verde', 5),
(584, 2, 5, 'Verde', 5),
(585, 3, 5, 'Verde', 5),
(586, 4, 5, 'Verde', 5),
(587, 5, 5, 'Verde', 5),
(588, 6, 5, 'Verde', 5),
(589, 7, 5, 'Verde', 5),
(590, 8, 5, 'Verde', 5),
(591, 11, 5, 'Verde', 5),
(592, 12, 5, 'Verde', 5),
(593, 13, 5, 'Verde', 5),
(594, 14, 5, 'Verde', 5),
(595, 15, 5, 'Verde', 5),
(596, 16, 5, 'Verde', 5),
(597, 17, 5, 'Verde', 5),
(598, 18, 5, 'Verde', 5),
(599, 1, 4, 'Verde', 5),
(600, 2, 4, 'Verde', 5),
(601, 3, 4, 'Verde', 5),
(602, 4, 4, 'Verde', 5),
(603, 5, 4, 'Verde', 5),
(604, 6, 4, 'Verde', 5),
(605, 7, 4, 'Verde', 5),
(606, 8, 4, 'Verde', 5),
(607, 11, 4, 'Verde', 5),
(608, 12, 4, 'Verde', 5),
(609, 13, 4, 'Verde', 5),
(610, 14, 4, 'Verde', 5),
(611, 15, 4, 'Verde', 5),
(612, 16, 4, 'Verde', 5),
(613, 17, 4, 'Verde', 5),
(614, 18, 4, 'Verde', 5),
(615, 1, 3, 'Verde', 5),
(616, 2, 3, 'Verde', 5),
(617, 3, 3, 'Verde', 5),
(618, 4, 3, 'Verde', 5),
(619, 5, 3, 'Verde', 5),
(620, 6, 3, 'Verde', 5),
(621, 7, 3, 'Verde', 5),
(622, 8, 3, 'Verde', 5),
(623, 11, 3, 'Verde', 5),
(624, 12, 3, 'Verde', 5),
(625, 13, 3, 'Verde', 5),
(626, 14, 3, 'Verde', 5),
(627, 15, 3, 'Verde', 5),
(628, 16, 3, 'Verde', 5),
(629, 17, 3, 'Verde', 5),
(630, 18, 3, 'Verde', 5),
(631, 1, 2, 'Verde', 5),
(632, 2, 2, 'Verde', 5),
(633, 3, 2, 'Verde', 5),
(634, 4, 2, 'Verde', 5),
(635, 5, 2, 'Verde', 5),
(636, 6, 2, 'Verde', 5),
(637, 7, 2, 'Verde', 5),
(638, 8, 2, 'Verde', 5),
(639, 11, 2, 'Verde', 5),
(640, 12, 2, 'Verde', 5),
(641, 13, 2, 'Verde', 5),
(642, 14, 2, 'Verde', 5),
(643, 15, 2, 'Verde', 5),
(644, 16, 2, 'Verde', 5),
(645, 17, 2, 'Verde', 5),
(646, 18, 2, 'Verde', 5),
(647, 1, 1, 'Verde', 5),
(648, 2, 1, 'Verde', 5),
(649, 3, 1, 'Verde', 5),
(650, 4, 1, 'Verde', 5),
(651, 5, 1, 'Verde', 5),
(652, 6, 1, 'Verde', 5),
(653, 7, 1, 'Azul', 5),
(654, 8, 1, 'Azul', 5),
(655, 9, 1, 'Azul', 5),
(656, 10, 1, 'Azul', 5),
(657, 11, 1, 'Azul', 5),
(658, 12, 1, 'Azul', 5),
(659, 13, 1, 'Verde', 5),
(660, 14, 1, 'Verde', 5),
(661, 15, 1, 'Verde', 5),
(662, 16, 1, 'Verde', 5),
(663, 17, 1, 'Verde', 5),
(664, 18, 1, 'Verde', 5),
(665, 1, 20, 'Verde', 6),
(666, 2, 20, 'Verde', 6),
(667, 3, 20, 'Verde', 6),
(668, 4, 20, 'Verde', 6),
(669, 5, 20, 'Verde', 6),
(670, 6, 20, 'Verde', 6),
(671, 7, 20, 'Verde', 6),
(672, 8, 20, 'Verde', 6),
(673, 9, 20, 'Verde', 6),
(674, 10, 20, 'Verde', 6),
(675, 11, 20, 'Verde', 6),
(676, 12, 20, 'Verde', 6),
(677, 13, 20, 'Verde', 6),
(678, 14, 20, 'Verde', 6),
(679, 15, 20, 'Verde', 6),
(680, 16, 20, 'Verde', 6),
(681, 17, 20, 'Verde', 6),
(682, 18, 20, 'Verde', 6),
(683, 19, 20, 'Verde', 6),
(684, 20, 20, 'Verde', 6),
(685, 21, 20, 'Verde', 6),
(686, 22, 20, 'Verde', 6),
(687, 23, 20, 'Verde', 6),
(688, 24, 20, 'Verde', 6),
(689, 25, 20, 'Verde', 6),
(690, 26, 20, 'Verde', 6),
(691, 27, 20, 'Verde', 6),
(692, 28, 20, 'Verde', 6),
(693, 29, 20, 'Verde', 6),
(694, 30, 20, 'Verde', 6),
(695, 31, 20, 'Verde', 6),
(696, 32, 20, 'Verde', 6),
(697, 33, 20, 'Verde', 6),
(698, 34, 20, 'Verde', 6),
(699, 35, 20, 'Verde', 6),
(700, 36, 20, 'Verde', 6),
(701, 37, 20, 'Verde', 6),
(702, 38, 20, 'Verde', 6),
(703, 39, 20, 'Verde', 6),
(704, 40, 20, 'Verde', 6),
(705, 41, 20, 'Verde', 6),
(706, 42, 20, 'Verde', 6),
(707, 43, 20, 'Verde', 6),
(708, 44, 20, 'Verde', 6),
(709, 45, 20, 'Verde', 6),
(710, 46, 20, 'Verde', 6),
(711, 47, 20, 'Verde', 6),
(712, 48, 20, 'Verde', 6),
(713, 49, 20, 'Verde', 6),
(714, 50, 20, 'Verde', 6),
(715, 1, 19, 'Verde', 6),
(716, 2, 19, 'Verde', 6),
(717, 3, 19, 'Verde', 6),
(718, 4, 19, 'Verde', 6),
(719, 7, 19, 'Verde', 6),
(720, 8, 19, 'Verde', 6),
(721, 9, 19, 'Verde', 6),
(722, 10, 19, 'Verde', 6),
(723, 13, 19, 'Verde', 6),
(724, 14, 19, 'Verde', 6),
(725, 15, 19, 'Verde', 6),
(726, 16, 19, 'Verde', 6),
(727, 19, 19, 'Verde', 6),
(728, 20, 19, 'Verde', 6),
(729, 21, 19, 'Verde', 6),
(730, 22, 19, 'Verde', 6),
(731, 25, 19, 'Verde', 6),
(732, 26, 19, 'Verde', 6),
(733, 27, 19, 'Verde', 6),
(734, 28, 19, 'Verde', 6),
(735, 31, 19, 'Verde', 6),
(736, 32, 19, 'Verde', 6),
(737, 33, 19, 'Verde', 6),
(738, 34, 19, 'Verde', 6),
(739, 37, 19, 'Verde', 6),
(740, 38, 19, 'Verde', 6),
(741, 39, 19, 'Verde', 6),
(742, 40, 19, 'Verde', 6),
(743, 43, 19, 'Verde', 6),
(744, 44, 19, 'Verde', 6),
(745, 45, 19, 'Verde', 6),
(746, 46, 19, 'Verde', 6),
(747, 49, 19, 'Verde', 6),
(748, 50, 19, 'Verde', 6),
(749, 1, 18, 'Verde', 6),
(750, 2, 18, 'Verde', 6),
(751, 3, 18, 'Verde', 6),
(752, 4, 18, 'Verde', 6),
(753, 7, 18, 'Verde', 6),
(754, 8, 18, 'Verde', 6),
(755, 9, 18, 'Verde', 6),
(756, 10, 18, 'Verde', 6),
(757, 13, 18, 'Verde', 6),
(758, 14, 18, 'Verde', 6),
(759, 15, 18, 'Verde', 6),
(760, 16, 18, 'Verde', 6),
(761, 19, 18, 'Verde', 6),
(762, 20, 18, 'Verde', 6),
(763, 21, 18, 'Verde', 6),
(764, 22, 18, 'Verde', 6),
(765, 25, 18, 'Verde', 6),
(766, 26, 18, 'Verde', 6),
(767, 27, 18, 'Verde', 6),
(768, 28, 18, 'Verde', 6),
(769, 31, 18, 'Verde', 6),
(770, 32, 18, 'Verde', 6),
(771, 33, 18, 'Verde', 6),
(772, 34, 18, 'Verde', 6),
(773, 37, 18, 'Verde', 6),
(774, 38, 18, 'Verde', 6),
(775, 39, 18, 'Verde', 6),
(776, 40, 18, 'Verde', 6),
(777, 43, 18, 'Verde', 6),
(778, 44, 18, 'Verde', 6),
(779, 45, 18, 'Verde', 6),
(780, 46, 18, 'Verde', 6),
(781, 49, 18, 'Verde', 6),
(782, 50, 18, 'Verde', 6),
(783, 1, 17, 'Verde', 6),
(784, 2, 17, 'Verde', 6),
(785, 3, 17, 'Verde', 6),
(786, 4, 17, 'Verde', 6),
(787, 7, 17, 'Verde', 6),
(788, 8, 17, 'Verde', 6),
(789, 9, 17, 'Verde', 6),
(790, 10, 17, 'Verde', 6),
(791, 13, 17, 'Verde', 6),
(792, 14, 17, 'Verde', 6),
(793, 15, 17, 'Verde', 6),
(794, 16, 17, 'Verde', 6),
(795, 19, 17, 'Verde', 6),
(796, 20, 17, 'Verde', 6),
(797, 21, 17, 'Verde', 6),
(798, 22, 17, 'Verde', 6),
(799, 25, 17, 'Verde', 6),
(800, 26, 17, 'Verde', 6),
(801, 27, 17, 'Verde', 6),
(802, 28, 17, 'Verde', 6),
(803, 31, 17, 'Verde', 6),
(804, 32, 17, 'Verde', 6),
(805, 33, 17, 'Verde', 6),
(806, 34, 17, 'Verde', 6),
(807, 37, 17, 'Verde', 6),
(808, 38, 17, 'Verde', 6),
(809, 39, 17, 'Verde', 6),
(810, 40, 17, 'Verde', 6),
(811, 43, 17, 'Verde', 6),
(812, 44, 17, 'Verde', 6),
(813, 45, 17, 'Verde', 6),
(814, 46, 17, 'Verde', 6),
(815, 49, 17, 'Verde', 6),
(816, 50, 17, 'Verde', 6),
(817, 1, 16, 'Verde', 6),
(818, 2, 16, 'Verde', 6),
(819, 3, 16, 'Verde', 6),
(820, 4, 16, 'Verde', 6),
(821, 7, 16, 'Verde', 6),
(822, 8, 16, 'Verde', 6),
(823, 9, 16, 'Verde', 6),
(824, 10, 16, 'Verde', 6),
(825, 13, 16, 'Verde', 6),
(826, 14, 16, 'Verde', 6),
(827, 15, 16, 'Verde', 6),
(828, 16, 16, 'Verde', 6),
(829, 19, 16, 'Verde', 6),
(830, 20, 16, 'Verde', 6),
(831, 21, 16, 'Verde', 6),
(832, 22, 16, 'Verde', 6),
(833, 25, 16, 'Verde', 6),
(834, 26, 16, 'Verde', 6),
(835, 27, 16, 'Verde', 6),
(836, 28, 16, 'Verde', 6),
(837, 31, 16, 'Verde', 6),
(838, 32, 16, 'Verde', 6),
(839, 33, 16, 'Verde', 6),
(840, 34, 16, 'Verde', 6),
(841, 37, 16, 'Verde', 6),
(842, 38, 16, 'Verde', 6),
(843, 39, 16, 'Verde', 6),
(844, 40, 16, 'Verde', 6),
(845, 43, 16, 'Verde', 6),
(846, 44, 16, 'Verde', 6),
(847, 45, 16, 'Verde', 6),
(848, 46, 16, 'Verde', 6),
(849, 49, 16, 'Verde', 6),
(850, 50, 16, 'Verde', 6),
(851, 1, 15, 'Verde', 6),
(852, 2, 15, 'Verde', 6),
(853, 3, 15, 'Verde', 6),
(854, 4, 15, 'Verde', 6),
(855, 7, 15, 'Verde', 6),
(856, 8, 15, 'Verde', 6),
(857, 9, 15, 'Verde', 6),
(858, 10, 15, 'Verde', 6),
(859, 13, 15, 'Verde', 6),
(860, 14, 15, 'Verde', 6),
(861, 15, 15, 'Verde', 6),
(862, 16, 15, 'Verde', 6),
(863, 19, 15, 'Verde', 6),
(864, 20, 15, 'Verde', 6),
(865, 21, 15, 'Verde', 6),
(866, 22, 15, 'Verde', 6),
(867, 25, 15, 'Verde', 6),
(868, 26, 15, 'Verde', 6),
(869, 27, 15, 'Verde', 6),
(870, 28, 15, 'Verde', 6),
(871, 31, 15, 'Verde', 6),
(872, 32, 15, 'Verde', 6),
(873, 33, 15, 'Verde', 6),
(874, 34, 15, 'Verde', 6),
(875, 37, 15, 'Verde', 6),
(876, 38, 15, 'Verde', 6),
(877, 39, 15, 'Verde', 6),
(878, 40, 15, 'Verde', 6),
(879, 43, 15, 'Verde', 6),
(880, 44, 15, 'Verde', 6),
(881, 45, 15, 'Verde', 6),
(882, 46, 15, 'Verde', 6),
(883, 49, 15, 'Verde', 6),
(884, 50, 15, 'Verde', 6),
(885, 1, 14, 'Verde', 6),
(886, 2, 14, 'Verde', 6),
(887, 3, 14, 'Verde', 6),
(888, 4, 14, 'Verde', 6),
(889, 7, 14, 'Verde', 6),
(890, 8, 14, 'Verde', 6),
(891, 9, 14, 'Verde', 6),
(892, 10, 14, 'Verde', 6),
(893, 13, 14, 'Verde', 6),
(894, 14, 14, 'Verde', 6),
(895, 15, 14, 'Verde', 6),
(896, 16, 14, 'Verde', 6),
(897, 19, 14, 'Verde', 6),
(898, 20, 14, 'Verde', 6),
(899, 21, 14, 'Verde', 6),
(900, 22, 14, 'Verde', 6),
(901, 25, 14, 'Verde', 6),
(902, 26, 14, 'Verde', 6),
(903, 27, 14, 'Verde', 6),
(904, 28, 14, 'Verde', 6),
(905, 31, 14, 'Verde', 6),
(906, 32, 14, 'Verde', 6),
(907, 33, 14, 'Verde', 6),
(908, 34, 14, 'Verde', 6),
(909, 37, 14, 'Verde', 6),
(910, 38, 14, 'Verde', 6),
(911, 39, 14, 'Verde', 6),
(912, 40, 14, 'Verde', 6),
(913, 43, 14, 'Verde', 6),
(914, 44, 14, 'Verde', 6),
(915, 45, 14, 'Verde', 6),
(916, 46, 14, 'Verde', 6),
(917, 49, 14, 'Verde', 6),
(918, 50, 14, 'Verde', 6),
(919, 1, 13, 'Verde', 6),
(920, 2, 13, 'Verde', 6),
(921, 3, 13, 'Verde', 6),
(922, 4, 13, 'Verde', 6),
(923, 7, 13, 'Verde', 6),
(924, 8, 13, 'Verde', 6),
(925, 9, 13, 'Verde', 6),
(926, 10, 13, 'Verde', 6),
(927, 13, 13, 'Verde', 6),
(928, 14, 13, 'Verde', 6),
(929, 15, 13, 'Verde', 6),
(930, 16, 13, 'Verde', 6),
(931, 19, 13, 'Verde', 6),
(932, 20, 13, 'Verde', 6),
(933, 21, 13, 'Verde', 6),
(934, 22, 13, 'Verde', 6),
(935, 25, 13, 'Verde', 6),
(936, 26, 13, 'Verde', 6),
(937, 27, 13, 'Verde', 6),
(938, 28, 13, 'Verde', 6),
(939, 31, 13, 'Verde', 6),
(940, 32, 13, 'Verde', 6),
(941, 33, 13, 'Verde', 6),
(942, 34, 13, 'Verde', 6),
(943, 37, 13, 'Verde', 6),
(944, 38, 13, 'Verde', 6),
(945, 39, 13, 'Verde', 6),
(946, 40, 13, 'Verde', 6),
(947, 43, 13, 'Verde', 6),
(948, 44, 13, 'Verde', 6),
(949, 45, 13, 'Verde', 6),
(950, 46, 13, 'Verde', 6),
(951, 49, 13, 'Verde', 6),
(952, 50, 13, 'Verde', 6),
(953, 1, 12, 'Verde', 6),
(954, 2, 12, 'Verde', 6),
(955, 3, 12, 'Verde', 6),
(956, 4, 12, 'Verde', 6),
(957, 7, 12, 'Verde', 6),
(958, 8, 12, 'Verde', 6),
(959, 9, 12, 'Verde', 6),
(960, 10, 12, 'Verde', 6),
(961, 13, 12, 'Verde', 6),
(962, 14, 12, 'Verde', 6),
(963, 15, 12, 'Verde', 6),
(964, 16, 12, 'Verde', 6),
(965, 19, 12, 'Verde', 6),
(966, 20, 12, 'Verde', 6),
(967, 21, 12, 'Verde', 6),
(968, 22, 12, 'Verde', 6),
(969, 25, 12, 'Verde', 6),
(970, 26, 12, 'Verde', 6),
(971, 27, 12, 'Verde', 6),
(972, 28, 12, 'Verde', 6),
(973, 31, 12, 'Verde', 6),
(974, 32, 12, 'Verde', 6),
(975, 33, 12, 'Verde', 6),
(976, 34, 12, 'Verde', 6),
(977, 37, 12, 'Verde', 6),
(978, 38, 12, 'Verde', 6),
(979, 39, 12, 'Verde', 6),
(980, 40, 12, 'Verde', 6),
(981, 43, 12, 'Verde', 6),
(982, 44, 12, 'Verde', 6),
(983, 45, 12, 'Verde', 6),
(984, 46, 12, 'Verde', 6),
(985, 49, 12, 'Verde', 6),
(986, 50, 12, 'Verde', 6),
(987, 1, 11, 'Verde', 6),
(988, 2, 11, 'Verde', 6),
(989, 3, 11, 'Verde', 6),
(990, 4, 11, 'Verde', 6),
(991, 7, 11, 'Verde', 6),
(992, 8, 11, 'Verde', 6),
(993, 9, 11, 'Verde', 6),
(994, 10, 11, 'Verde', 6),
(995, 13, 11, 'Verde', 6),
(996, 14, 11, 'Verde', 6),
(997, 15, 11, 'Verde', 6),
(998, 16, 11, 'Verde', 6),
(999, 19, 11, 'Verde', 6),
(1000, 20, 11, 'Verde', 6),
(1001, 21, 11, 'Verde', 6),
(1002, 22, 11, 'Verde', 6),
(1003, 25, 11, 'Verde', 6),
(1004, 26, 11, 'Verde', 6),
(1005, 27, 11, 'Verde', 6),
(1006, 28, 11, 'Verde', 6),
(1007, 31, 11, 'Verde', 6),
(1008, 32, 11, 'Verde', 6),
(1009, 33, 11, 'Verde', 6),
(1010, 34, 11, 'Verde', 6),
(1011, 37, 11, 'Verde', 6),
(1012, 38, 11, 'Verde', 6),
(1013, 39, 11, 'Verde', 6),
(1014, 40, 11, 'Verde', 6),
(1015, 43, 11, 'Verde', 6),
(1016, 44, 11, 'Verde', 6),
(1017, 45, 11, 'Verde', 6),
(1018, 46, 11, 'Verde', 6),
(1019, 49, 11, 'Verde', 6),
(1020, 50, 11, 'Verde', 6),
(1021, 1, 10, 'Verde', 6),
(1022, 2, 10, 'Verde', 6),
(1023, 3, 10, 'Verde', 6),
(1024, 4, 10, 'Verde', 6),
(1025, 7, 10, 'Verde', 6),
(1026, 8, 10, 'Verde', 6),
(1027, 9, 10, 'Verde', 6),
(1028, 10, 10, 'Verde', 6),
(1029, 13, 10, 'Verde', 6),
(1030, 14, 10, 'Verde', 6),
(1031, 15, 10, 'Verde', 6),
(1032, 16, 10, 'Verde', 6),
(1033, 19, 10, 'Verde', 6),
(1034, 20, 10, 'Verde', 6),
(1035, 21, 10, 'Verde', 6),
(1036, 22, 10, 'Verde', 6),
(1037, 25, 10, 'Verde', 6),
(1038, 26, 10, 'Verde', 6),
(1039, 27, 10, 'Verde', 6),
(1040, 28, 10, 'Verde', 6),
(1041, 31, 10, 'Verde', 6),
(1042, 32, 10, 'Verde', 6),
(1043, 33, 10, 'Verde', 6),
(1044, 34, 10, 'Verde', 6),
(1045, 37, 10, 'Verde', 6),
(1046, 38, 10, 'Verde', 6),
(1047, 39, 10, 'Verde', 6),
(1048, 40, 10, 'Verde', 6),
(1049, 43, 10, 'Verde', 6),
(1050, 44, 10, 'Verde', 6),
(1051, 45, 10, 'Verde', 6),
(1052, 46, 10, 'Verde', 6),
(1053, 49, 10, 'Verde', 6),
(1054, 50, 10, 'Verde', 6),
(1055, 1, 9, 'Verde', 6),
(1056, 2, 9, 'Verde', 6),
(1057, 3, 9, 'Verde', 6),
(1058, 4, 9, 'Verde', 6),
(1059, 7, 9, 'Verde', 6),
(1060, 8, 9, 'Verde', 6),
(1061, 9, 9, 'Verde', 6),
(1062, 10, 9, 'Verde', 6),
(1063, 13, 9, 'Verde', 6),
(1064, 14, 9, 'Verde', 6),
(1065, 15, 9, 'Verde', 6),
(1066, 16, 9, 'Verde', 6),
(1067, 19, 9, 'Verde', 6),
(1068, 20, 9, 'Verde', 6),
(1069, 21, 9, 'Verde', 6),
(1070, 22, 9, 'Verde', 6),
(1071, 25, 9, 'Verde', 6),
(1072, 26, 9, 'Verde', 6),
(1073, 27, 9, 'Verde', 6),
(1074, 28, 9, 'Verde', 6),
(1075, 31, 9, 'Verde', 6),
(1076, 32, 9, 'Verde', 6),
(1077, 33, 9, 'Verde', 6),
(1078, 34, 9, 'Verde', 6),
(1079, 37, 9, 'Verde', 6),
(1080, 38, 9, 'Verde', 6),
(1081, 39, 9, 'Verde', 6),
(1082, 40, 9, 'Verde', 6),
(1083, 43, 9, 'Verde', 6),
(1084, 44, 9, 'Verde', 6),
(1085, 45, 9, 'Verde', 6),
(1086, 46, 9, 'Verde', 6),
(1087, 49, 9, 'Verde', 6),
(1088, 50, 9, 'Verde', 6),
(1089, 1, 8, 'Verde', 6),
(1090, 2, 8, 'Verde', 6),
(1091, 3, 8, 'Verde', 6),
(1092, 4, 8, 'Verde', 6),
(1093, 7, 8, 'Verde', 6),
(1094, 8, 8, 'Verde', 6),
(1095, 9, 8, 'Verde', 6),
(1096, 10, 8, 'Verde', 6),
(1097, 13, 8, 'Verde', 6),
(1098, 14, 8, 'Verde', 6),
(1099, 15, 8, 'Verde', 6),
(1100, 16, 8, 'Verde', 6),
(1101, 19, 8, 'Verde', 6),
(1102, 20, 8, 'Verde', 6),
(1103, 21, 8, 'Verde', 6),
(1104, 22, 8, 'Verde', 6),
(1105, 25, 8, 'Verde', 6),
(1106, 26, 8, 'Verde', 6),
(1107, 27, 8, 'Verde', 6),
(1108, 28, 8, 'Verde', 6),
(1109, 31, 8, 'Verde', 6),
(1110, 32, 8, 'Verde', 6),
(1111, 33, 8, 'Verde', 6),
(1112, 34, 8, 'Verde', 6),
(1113, 37, 8, 'Verde', 6),
(1114, 38, 8, 'Verde', 6),
(1115, 39, 8, 'Verde', 6),
(1116, 40, 8, 'Verde', 6),
(1117, 43, 8, 'Verde', 6),
(1118, 44, 8, 'Verde', 6),
(1119, 45, 8, 'Verde', 6),
(1120, 46, 8, 'Verde', 6),
(1121, 49, 8, 'Verde', 6),
(1122, 50, 8, 'Verde', 6),
(1123, 1, 7, 'Verde', 6),
(1124, 2, 7, 'Verde', 6),
(1125, 3, 7, 'Verde', 6),
(1126, 4, 7, 'Verde', 6),
(1127, 7, 7, 'Verde', 6),
(1128, 8, 7, 'Verde', 6),
(1129, 9, 7, 'Verde', 6),
(1130, 10, 7, 'Verde', 6),
(1131, 13, 7, 'Verde', 6),
(1132, 14, 7, 'Verde', 6),
(1133, 15, 7, 'Verde', 6),
(1134, 16, 7, 'Verde', 6),
(1135, 19, 7, 'Verde', 6),
(1136, 20, 7, 'Verde', 6),
(1137, 21, 7, 'Verde', 6),
(1138, 22, 7, 'Verde', 6),
(1139, 25, 7, 'Verde', 6),
(1140, 26, 7, 'Verde', 6),
(1141, 27, 7, 'Verde', 6),
(1142, 28, 7, 'Verde', 6),
(1143, 31, 7, 'Verde', 6),
(1144, 32, 7, 'Verde', 6),
(1145, 33, 7, 'Verde', 6),
(1146, 34, 7, 'Verde', 6),
(1147, 37, 7, 'Verde', 6),
(1148, 38, 7, 'Verde', 6),
(1149, 39, 7, 'Verde', 6),
(1150, 40, 7, 'Verde', 6),
(1151, 43, 7, 'Verde', 6),
(1152, 44, 7, 'Verde', 6),
(1153, 45, 7, 'Verde', 6),
(1154, 46, 7, 'Verde', 6),
(1155, 49, 7, 'Verde', 6),
(1156, 50, 7, 'Verde', 6),
(1157, 1, 6, 'Verde', 6),
(1158, 2, 6, 'Verde', 6),
(1159, 3, 6, 'Verde', 6),
(1160, 4, 6, 'Verde', 6),
(1161, 7, 6, 'Verde', 6),
(1162, 8, 6, 'Verde', 6),
(1163, 9, 6, 'Verde', 6),
(1164, 10, 6, 'Verde', 6),
(1165, 13, 6, 'Verde', 6),
(1166, 14, 6, 'Verde', 6),
(1167, 15, 6, 'Verde', 6),
(1168, 16, 6, 'Verde', 6),
(1169, 19, 6, 'Verde', 6),
(1170, 20, 6, 'Verde', 6),
(1171, 21, 6, 'Verde', 6),
(1172, 22, 6, 'Verde', 6),
(1173, 25, 6, 'Verde', 6),
(1174, 26, 6, 'Verde', 6),
(1175, 27, 6, 'Verde', 6),
(1176, 28, 6, 'Verde', 6),
(1177, 31, 6, 'Verde', 6),
(1178, 32, 6, 'Verde', 6),
(1179, 33, 6, 'Verde', 6),
(1180, 34, 6, 'Verde', 6),
(1181, 37, 6, 'Verde', 6),
(1182, 38, 6, 'Verde', 6),
(1183, 39, 6, 'Verde', 6),
(1184, 40, 6, 'Verde', 6),
(1185, 43, 6, 'Verde', 6),
(1186, 44, 6, 'Verde', 6),
(1187, 45, 6, 'Verde', 6),
(1188, 46, 6, 'Verde', 6),
(1189, 49, 6, 'Verde', 6),
(1190, 50, 6, 'Verde', 6),
(1191, 1, 5, 'Verde', 6),
(1192, 2, 5, 'Verde', 6),
(1193, 3, 5, 'Verde', 6),
(1194, 4, 5, 'Verde', 6),
(1195, 7, 5, 'Verde', 6),
(1196, 8, 5, 'Verde', 6),
(1197, 9, 5, 'Verde', 6),
(1198, 10, 5, 'Verde', 6),
(1199, 13, 5, 'Verde', 6),
(1200, 14, 5, 'Verde', 6),
(1201, 15, 5, 'Verde', 6),
(1202, 16, 5, 'Verde', 6),
(1203, 19, 5, 'Verde', 6),
(1204, 20, 5, 'Verde', 6),
(1205, 21, 5, 'Verde', 6),
(1206, 22, 5, 'Verde', 6),
(1207, 25, 5, 'Verde', 6),
(1208, 26, 5, 'Verde', 6),
(1209, 27, 5, 'Verde', 6),
(1210, 28, 5, 'Verde', 6),
(1211, 31, 5, 'Verde', 6),
(1212, 32, 5, 'Verde', 6),
(1213, 33, 5, 'Verde', 6),
(1214, 34, 5, 'Verde', 6),
(1215, 37, 5, 'Verde', 6),
(1216, 38, 5, 'Verde', 6),
(1217, 39, 5, 'Verde', 6),
(1218, 40, 5, 'Verde', 6),
(1219, 43, 5, 'Verde', 6),
(1220, 44, 5, 'Verde', 6),
(1221, 45, 5, 'Verde', 6),
(1222, 46, 5, 'Verde', 6),
(1223, 49, 5, 'Verde', 6),
(1224, 50, 5, 'Verde', 6),
(1225, 1, 4, 'Verde', 6),
(1226, 2, 4, 'Verde', 6),
(1227, 3, 4, 'Verde', 6),
(1228, 4, 4, 'Verde', 6),
(1229, 7, 4, 'Verde', 6),
(1230, 8, 4, 'Verde', 6),
(1231, 9, 4, 'Verde', 6),
(1232, 10, 4, 'Verde', 6),
(1233, 13, 4, 'Verde', 6),
(1234, 14, 4, 'Verde', 6),
(1235, 15, 4, 'Verde', 6),
(1236, 16, 4, 'Verde', 6),
(1237, 19, 4, 'Verde', 6),
(1238, 20, 4, 'Verde', 6),
(1239, 21, 4, 'Verde', 6),
(1240, 22, 4, 'Verde', 6),
(1241, 25, 4, 'Verde', 6),
(1242, 26, 4, 'Verde', 6),
(1243, 27, 4, 'Verde', 6),
(1244, 28, 4, 'Verde', 6),
(1245, 31, 4, 'Verde', 6),
(1246, 32, 4, 'Verde', 6),
(1247, 33, 4, 'Verde', 6),
(1248, 34, 4, 'Verde', 6),
(1249, 37, 4, 'Verde', 6),
(1250, 38, 4, 'Verde', 6),
(1251, 39, 4, 'Verde', 6),
(1252, 40, 4, 'Verde', 6),
(1253, 43, 4, 'Verde', 6),
(1254, 44, 4, 'Verde', 6),
(1255, 45, 4, 'Verde', 6),
(1256, 46, 4, 'Verde', 6),
(1257, 49, 4, 'Verde', 6),
(1258, 50, 4, 'Verde', 6),
(1259, 1, 3, 'Verde', 6),
(1260, 2, 3, 'Verde', 6),
(1261, 3, 3, 'Verde', 6),
(1262, 4, 3, 'Verde', 6),
(1263, 7, 3, 'Verde', 6),
(1264, 8, 3, 'Verde', 6),
(1265, 9, 3, 'Verde', 6),
(1266, 10, 3, 'Verde', 6),
(1267, 13, 3, 'Verde', 6),
(1268, 14, 3, 'Verde', 6),
(1269, 15, 3, 'Verde', 6),
(1270, 16, 3, 'Verde', 6),
(1271, 19, 3, 'Verde', 6),
(1272, 20, 3, 'Verde', 6),
(1273, 21, 3, 'Verde', 6),
(1274, 22, 3, 'Verde', 6),
(1275, 25, 3, 'Verde', 6),
(1276, 26, 3, 'Verde', 6),
(1277, 27, 3, 'Verde', 6),
(1278, 28, 3, 'Verde', 6),
(1279, 31, 3, 'Verde', 6),
(1280, 32, 3, 'Verde', 6),
(1281, 33, 3, 'Verde', 6),
(1282, 34, 3, 'Verde', 6),
(1283, 37, 3, 'Verde', 6),
(1284, 38, 3, 'Verde', 6),
(1285, 39, 3, 'Verde', 6),
(1286, 40, 3, 'Verde', 6),
(1287, 43, 3, 'Verde', 6),
(1288, 44, 3, 'Verde', 6),
(1289, 45, 3, 'Verde', 6),
(1290, 46, 3, 'Verde', 6),
(1291, 49, 3, 'Verde', 6),
(1292, 50, 3, 'Verde', 6),
(1293, 1, 2, 'Verde', 6),
(1294, 2, 2, 'Verde', 6),
(1295, 3, 2, 'Verde', 6),
(1296, 4, 2, 'Verde', 6),
(1297, 7, 2, 'Verde', 6),
(1298, 8, 2, 'Verde', 6),
(1299, 9, 2, 'Verde', 6),
(1300, 10, 2, 'Verde', 6),
(1301, 13, 2, 'Verde', 6),
(1302, 14, 2, 'Verde', 6),
(1303, 15, 2, 'Verde', 6),
(1304, 16, 2, 'Verde', 6),
(1305, 19, 2, 'Verde', 6),
(1306, 20, 2, 'Verde', 6),
(1307, 21, 2, 'Verde', 6),
(1308, 22, 2, 'Verde', 6),
(1309, 25, 2, 'Verde', 6),
(1310, 26, 2, 'Verde', 6),
(1311, 27, 2, 'Verde', 6),
(1312, 28, 2, 'Verde', 6),
(1313, 31, 2, 'Verde', 6),
(1314, 32, 2, 'Verde', 6),
(1315, 33, 2, 'Verde', 6),
(1316, 34, 2, 'Verde', 6),
(1317, 37, 2, 'Verde', 6),
(1318, 38, 2, 'Verde', 6),
(1319, 39, 2, 'Verde', 6),
(1320, 40, 2, 'Verde', 6),
(1321, 43, 2, 'Verde', 6),
(1322, 44, 2, 'Verde', 6),
(1323, 45, 2, 'Verde', 6),
(1324, 46, 2, 'Verde', 6),
(1325, 49, 2, 'Verde', 6),
(1326, 50, 2, 'Verde', 6),
(1327, 1, 1, 'Verde', 6),
(1328, 2, 1, 'Verde', 6),
(1329, 3, 1, 'Verde', 6),
(1330, 4, 1, 'Verde', 6),
(1331, 7, 1, 'Verde', 6),
(1332, 8, 1, 'Verde', 6),
(1333, 9, 1, 'Verde', 6),
(1334, 10, 1, 'Verde', 6),
(1335, 13, 1, 'Verde', 6),
(1336, 14, 1, 'Verde', 6),
(1337, 15, 1, 'Verde', 6),
(1338, 16, 1, 'Verde', 6),
(1339, 19, 1, 'Verde', 6),
(1340, 20, 1, 'Verde', 6),
(1341, 21, 1, 'Azul', 6),
(1342, 22, 1, 'Azul', 6),
(1343, 25, 1, 'Azul', 6),
(1344, 26, 1, 'Azul', 6),
(1345, 27, 1, 'Azul', 6),
(1346, 28, 1, 'Azul', 6),
(1347, 31, 1, 'Azul', 6),
(1348, 32, 1, 'Azul', 6),
(1349, 33, 1, 'Verde', 6),
(1350, 34, 1, 'Verde', 6),
(1351, 37, 1, 'Verde', 6),
(1352, 38, 1, 'Verde', 6),
(1353, 39, 1, 'Verde', 6),
(1354, 40, 1, 'Verde', 6),
(1355, 43, 1, 'Verde', 6),
(1356, 44, 1, 'Verde', 6),
(1357, 45, 1, 'Verde', 6),
(1358, 46, 1, 'Verde', 6),
(1359, 49, 1, 'Verde', 6),
(1360, 50, 1, 'Verde', 6),
(1361, 1, 12, 'Verde', 7),
(1362, 2, 12, 'Verde', 7),
(1363, 3, 12, 'Verde', 7),
(1364, 4, 12, 'Verde', 7),
(1365, 5, 12, 'Verde', 7),
(1366, 6, 12, 'Verde', 7),
(1367, 7, 12, 'Verde', 7),
(1368, 8, 12, 'Verde', 7),
(1369, 9, 12, 'Verde', 7),
(1370, 10, 12, 'Verde', 7),
(1371, 11, 12, 'Verde', 7),
(1372, 12, 12, 'Verde', 7),
(1373, 13, 12, 'Verde', 7),
(1374, 14, 12, 'Verde', 7),
(1375, 15, 12, 'Verde', 7),
(1376, 16, 12, 'Verde', 7),
(1377, 17, 12, 'Verde', 7),
(1378, 18, 12, 'Verde', 7),
(1379, 19, 12, 'Verde', 7),
(1380, 20, 12, 'Verde', 7),
(1381, 1, 11, 'Verde', 7),
(1382, 2, 11, 'Verde', 7),
(1383, 3, 11, 'Verde', 7),
(1384, 5, 11, 'Verde', 7),
(1385, 6, 11, 'Verde', 7),
(1386, 7, 11, 'Verde', 7),
(1387, 8, 11, 'Verde', 7),
(1388, 9, 11, 'Verde', 7),
(1389, 10, 11, 'Verde', 7),
(1390, 11, 11, 'Verde', 7),
(1391, 12, 11, 'Verde', 7),
(1392, 13, 11, 'Verde', 7),
(1393, 14, 11, 'Verde', 7),
(1394, 15, 11, 'Verde', 7),
(1395, 16, 11, 'Verde', 7),
(1396, 18, 11, 'Verde', 7),
(1397, 19, 11, 'Verde', 7),
(1398, 20, 11, 'Verde', 7),
(1399, 1, 10, 'Verde', 7),
(1400, 2, 10, 'Verde', 7),
(1401, 3, 10, 'Verde', 7),
(1402, 5, 10, 'Verde', 7),
(1403, 6, 10, 'Verde', 7),
(1404, 7, 10, 'Verde', 7),
(1405, 8, 10, 'Verde', 7),
(1406, 9, 10, 'Verde', 7),
(1407, 10, 10, 'Verde', 7),
(1408, 11, 10, 'Verde', 7),
(1409, 12, 10, 'Verde', 7),
(1410, 13, 10, 'Verde', 7),
(1411, 14, 10, 'Verde', 7),
(1412, 15, 10, 'Verde', 7),
(1413, 16, 10, 'Verde', 7),
(1414, 18, 10, 'Verde', 7),
(1415, 19, 10, 'Verde', 7),
(1416, 20, 10, 'Verde', 7),
(1417, 1, 9, 'Verde', 7),
(1418, 2, 9, 'Verde', 7),
(1419, 3, 9, 'Verde', 7),
(1420, 5, 9, 'Verde', 7),
(1421, 6, 9, 'Verde', 7),
(1422, 7, 9, 'Verde', 7),
(1423, 8, 9, 'Verde', 7),
(1424, 9, 9, 'Verde', 7),
(1425, 10, 9, 'Verde', 7),
(1426, 11, 9, 'Verde', 7),
(1427, 12, 9, 'Verde', 7),
(1428, 13, 9, 'Verde', 7),
(1429, 14, 9, 'Verde', 7),
(1430, 15, 9, 'Verde', 7),
(1431, 16, 9, 'Verde', 7),
(1432, 18, 9, 'Verde', 7),
(1433, 19, 9, 'Verde', 7),
(1434, 20, 9, 'Verde', 7),
(1435, 1, 8, 'Verde', 7),
(1436, 2, 8, 'Verde', 7),
(1437, 3, 8, 'Verde', 7),
(1438, 5, 8, 'Verde', 7),
(1439, 6, 8, 'Verde', 7),
(1440, 7, 8, 'Verde', 7),
(1441, 8, 8, 'Verde', 7),
(1442, 9, 8, 'Verde', 7),
(1443, 10, 8, 'Verde', 7),
(1444, 11, 8, 'Verde', 7),
(1445, 12, 8, 'Verde', 7),
(1446, 13, 8, 'Verde', 7),
(1447, 14, 8, 'Verde', 7),
(1448, 15, 8, 'Verde', 7),
(1449, 16, 8, 'Verde', 7),
(1450, 18, 8, 'Verde', 7),
(1451, 19, 8, 'Verde', 7),
(1452, 20, 8, 'Verde', 7),
(1453, 1, 7, 'Azul', 7),
(1454, 2, 7, 'Azul', 7),
(1455, 3, 7, 'Azul', 7),
(1456, 5, 7, 'Verde', 7),
(1457, 6, 7, 'Verde', 7),
(1458, 7, 7, 'Verde', 7),
(1459, 8, 7, 'Verde', 7),
(1460, 9, 7, 'Verde', 7),
(1461, 10, 7, 'Verde', 7),
(1462, 11, 7, 'Verde', 7),
(1463, 12, 7, 'Verde', 7),
(1464, 13, 7, 'Verde', 7),
(1465, 14, 7, 'Verde', 7),
(1466, 15, 7, 'Verde', 7),
(1467, 16, 7, 'Verde', 7),
(1468, 18, 7, 'Azul', 7),
(1469, 19, 7, 'Azul', 7),
(1470, 20, 7, 'Azul', 7),
(1471, 1, 5, 'Verde', 7),
(1472, 2, 5, 'Verde', 7),
(1473, 3, 5, 'Verde', 7),
(1474, 5, 5, 'Verde', 7),
(1475, 6, 5, 'Verde', 7),
(1476, 7, 5, 'Verde', 7),
(1477, 8, 5, 'Verde', 7),
(1478, 9, 5, 'Verde', 7),
(1479, 10, 5, 'Verde', 7),
(1480, 11, 5, 'Verde', 7),
(1481, 12, 5, 'Verde', 7),
(1482, 13, 5, 'Verde', 7),
(1483, 14, 5, 'Verde', 7),
(1484, 15, 5, 'Verde', 7),
(1485, 16, 5, 'Verde', 7),
(1486, 18, 5, 'Verde', 7),
(1487, 19, 5, 'Verde', 7),
(1488, 20, 5, 'Verde', 7),
(1489, 1, 4, 'Verde', 7),
(1490, 2, 4, 'Verde', 7),
(1491, 3, 4, 'Verde', 7),
(1492, 5, 4, 'Verde', 7),
(1493, 6, 4, 'Verde', 7),
(1494, 7, 4, 'Verde', 7),
(1495, 8, 4, 'Verde', 7),
(1496, 9, 4, 'Verde', 7),
(1497, 10, 4, 'Verde', 7),
(1498, 11, 4, 'Verde', 7),
(1499, 12, 4, 'Verde', 7),
(1500, 13, 4, 'Verde', 7),
(1501, 14, 4, 'Verde', 7),
(1502, 15, 4, 'Verde', 7),
(1503, 16, 4, 'Verde', 7),
(1504, 18, 4, 'Verde', 7),
(1505, 19, 4, 'Verde', 7),
(1506, 20, 4, 'Verde', 7),
(1507, 1, 3, 'Verde', 7),
(1508, 2, 3, 'Verde', 7),
(1509, 3, 3, 'Verde', 7),
(1510, 5, 3, 'Verde', 7),
(1511, 6, 3, 'Verde', 7),
(1512, 7, 3, 'Verde', 7),
(1513, 8, 3, 'Verde', 7),
(1514, 9, 3, 'Verde', 7),
(1515, 10, 3, 'Verde', 7),
(1516, 11, 3, 'Verde', 7),
(1517, 12, 3, 'Verde', 7),
(1518, 13, 3, 'Verde', 7),
(1519, 14, 3, 'Verde', 7),
(1520, 15, 3, 'Verde', 7),
(1521, 16, 3, 'Verde', 7),
(1522, 18, 3, 'Verde', 7),
(1523, 19, 3, 'Verde', 7),
(1524, 20, 3, 'Verde', 7),
(1525, 1, 2, 'Verde', 7),
(1526, 2, 2, 'Verde', 7),
(1527, 3, 2, 'Verde', 7),
(1528, 5, 2, 'Verde', 7),
(1529, 6, 2, 'Verde', 7),
(1530, 7, 2, 'Verde', 7),
(1531, 8, 2, 'Verde', 7),
(1532, 9, 2, 'Verde', 7),
(1533, 10, 2, 'Verde', 7),
(1534, 11, 2, 'Verde', 7),
(1535, 12, 2, 'Verde', 7),
(1536, 13, 2, 'Verde', 7),
(1537, 14, 2, 'Verde', 7),
(1538, 15, 2, 'Verde', 7),
(1539, 16, 2, 'Verde', 7),
(1540, 18, 2, 'Verde', 7),
(1541, 19, 2, 'Verde', 7),
(1542, 20, 2, 'Verde', 7),
(1543, 1, 1, 'Verde', 7),
(1544, 2, 1, 'Verde', 7),
(1545, 3, 1, 'Verde', 7),
(1546, 5, 1, 'Verde', 7),
(1547, 6, 1, 'Verde', 7),
(1548, 7, 1, 'Verde', 7),
(1549, 8, 1, 'Verde', 7),
(1550, 9, 1, 'Azul', 7),
(1551, 10, 1, 'Azul', 7),
(1552, 11, 1, 'Azul', 7),
(1553, 12, 1, 'Azul', 7),
(1554, 13, 1, 'Verde', 7),
(1555, 14, 1, 'Verde', 7),
(1556, 15, 1, 'Verde', 7),
(1557, 16, 1, 'Verde', 7),
(1558, 18, 1, 'Verde', 7),
(1559, 19, 1, 'Verde', 7),
(1560, 20, 1, 'Verde', 7);

-- --------------------------------------------------------

--
-- Estructura de tabla para la tabla `comentario`
--

CREATE TABLE `comentario` (
  `id_comentario` smallint(100) NOT NULL,
  `id_pelicula` smallint(6) NOT NULL,
  `id_usuario` smallint(6) NOT NULL,
  `texto` varchar(1000) COLLATE utf8_spanish_ci NOT NULL
) ENGINE=InnoDB DEFAULT CHARSET=utf8 COLLATE=utf8_spanish_ci;

--
-- Volcado de datos para la tabla `comentario`
--

INSERT INTO `comentario` (`id_comentario`, `id_pelicula`, `id_usuario`, `texto`) VALUES
(1, 20, 13, 'primer comentario'),
(2, 20, 15, 'tonto el que lo lea'),
(3, 2, 15, 'viva peru');

-- --------------------------------------------------------

--
-- Estructura de tabla para la tabla `horario`
--

CREATE TABLE `horario` (
  `id_horario` smallint(6) NOT NULL,
  `fecha` date NOT NULL,
  `hora` varchar(200) COLLATE utf8mb4_spanish_ci NOT NULL,
  `id_pelicula` smallint(6) NOT NULL,
  `id_sala` smallint(6) NOT NULL
) ENGINE=InnoDB DEFAULT CHARSET=utf8mb4 COLLATE=utf8mb4_spanish_ci;

--
-- Volcado de datos para la tabla `horario`
--

INSERT INTO `horario` (`id_horario`, `fecha`, `hora`, `id_pelicula`, `id_sala`) VALUES
(44, '2023-05-24', '16:00:00', 12, 2),
(45, '2023-05-24', '19:00:00', 5, 2),
(46, '2023-05-24', '21:00:00', 1, 2),
(47, '2023-05-24', '16:00:00', 4, 3),
(48, '2023-05-24', '18:00:00', 4, 3),
(49, '2023-05-24', '20:00:00', 12, 3),
(50, '2023-05-24', '16:00:00', 10, 4),
(51, '2023-05-24', '18:00:00', 14, 4),
(52, '2023-05-24', '20:00:00', 16, 4),
(53, '2023-05-24', '22:00:00', 12, 4),
(54, '2023-05-24', '16:00:00', 3, 5),
(55, '2023-05-24', '18:00:00', 20, 5),
(56, '2023-05-24', '20:00:00', 9, 5),
(57, '2023-05-24', '22:00:00', 5, 5),
(58, '2023-05-24', '16:00:00', 8, 6),
(59, '2023-05-24', '19:00:00', 17, 6),
(60, '2023-05-24', '21:00:00', 10, 6),
(61, '2023-05-24', '16:00:00', 13, 7),
(62, '2023-05-24', '18:00:00', 2, 7),
(63, '2023-05-24', '20:00:00', 1, 7),
(64, '2023-05-24', '22:00:00', 7, 7),
(65, '2023-05-25', '16:00:00', 14, 2),
(66, '2023-05-25', '18:00:00', 16, 2),
(67, '2023-05-25', '20:00:00', 19, 2),
(68, '2023-05-25', '22:00:00', 12, 2),
(69, '2023-05-25', '16:00:00', 4, 3),
(70, '2023-05-25', '18:00:00', 20, 3),
(71, '2023-05-25', '20:00:00', 1, 3),
(72, '2023-05-25', '22:00:00', 8, 3),
(73, '2023-05-25', '16:00:00', 1, 4),
(74, '2023-05-25', '18:00:00', 13, 4),
(75, '2023-05-25', '20:00:00', 7, 4),
(76, '2023-05-25', '22:00:00', 6, 4),
(77, '2023-05-25', '16:00:00', 2, 5),
(78, '2023-05-25', '18:00:00', 1, 5),
(79, '2023-05-25', '20:00:00', 3, 5),
(80, '2023-05-25', '22:00:00', 9, 5),
(81, '2023-05-25', '16:00:00', 15, 6),
(82, '2023-05-25', '18:00:00', 19, 6),
(83, '2023-05-25', '20:00:00', 14, 6),
(84, '2023-05-25', '22:00:00', 20, 6),
(85, '2023-05-25', '16:00:00', 5, 7),
(86, '2023-05-25', '18:00:00', 6, 7),
(87, '2023-05-25', '20:00:00', 13, 7),
(88, '2023-05-25', '22:00:00', 10, 7),
(89, '2023-05-26', '16:00:00', 16, 2),
(90, '2023-05-26', '18:00:00', 11, 2),
(91, '2023-05-26', '20:00:00', 5, 2),
(92, '2023-05-26', '22:00:00', 4, 2),
(93, '2023-05-26', '16:00:00', 5, 3),
(94, '2023-05-26', '18:00:00', 20, 3),
(95, '2023-05-26', '20:00:00', 17, 3),
(96, '2023-05-26', '22:00:00', 2, 3),
(97, '2023-05-26', '16:00:00', 3, 4),
(98, '2023-05-26', '18:00:00', 7, 4),
(99, '2023-05-26', '20:00:00', 20, 4),
(100, '2023-05-26', '22:00:00', 14, 4),
(101, '2023-05-26', '16:00:00', 15, 5),
(102, '2023-05-26', '18:00:00', 10, 5),
(103, '2023-05-26', '20:00:00', 11, 5),
(104, '2023-05-26', '22:00:00', 3, 5),
(105, '2023-05-26', '16:00:00', 12, 6),
(106, '2023-05-26', '19:00:00', 7, 6),
(107, '2023-05-26', '21:00:00', 15, 6),
(108, '2023-05-26', '16:00:00', 13, 7),
(109, '2023-05-26', '18:00:00', 12, 7),
(110, '2023-05-26', '21:00:00', 11, 7),
(111, '2023-05-27', '16:00:00', 16, 2),
(112, '2023-05-27', '18:00:00', 6, 2),
(113, '2023-05-27', '20:00:00', 9, 2),
(114, '2023-05-27', '22:00:00', 19, 2),
(115, '2023-05-27', '16:00:00', 11, 3),
(116, '2023-05-27', '18:00:00', 18, 3),
(117, '2023-05-27', '21:00:00', 14, 3),
(118, '2023-05-27', '16:00:00', 8, 4),
(119, '2023-05-27', '19:00:00', 11, 4),
(120, '2023-05-27', '21:00:00', 13, 4),
(121, '2023-05-27', '16:00:00', 13, 5),
(122, '2023-05-27', '18:00:00', 13, 5),
(123, '2023-05-27', '20:00:00', 2, 5),
(124, '2023-05-27', '22:00:00', 17, 5),
(125, '2023-05-27', '16:00:00', 18, 6),
(126, '2023-05-27', '19:00:00', 8, 6),
(127, '2023-05-27', '22:00:00', 6, 6),
(128, '2023-05-27', '16:00:00', 2, 7),
(129, '2023-05-27', '18:00:00', 2, 7),
(130, '2023-05-27', '20:00:00', 1, 7),
(131, '2023-05-27', '22:00:00', 4, 7),
(132, '2023-05-28', '16:00:00', 17, 2),
(133, '2023-05-28', '18:00:00', 10, 2),
(134, '2023-05-28', '20:00:00', 6, 2),
(135, '2023-05-28', '22:00:00', 20, 2),
(136, '2023-05-28', '16:00:00', 2, 3),
(137, '2023-05-28', '18:00:00', 12, 3),
(138, '2023-05-28', '21:00:00', 19, 3),
(139, '2023-05-28', '16:00:00', 4, 4),
(140, '2023-05-28', '18:00:00', 2, 4),
(141, '2023-05-28', '20:00:00', 17, 4),
(142, '2023-05-28', '22:00:00', 2, 4),
(143, '2023-05-28', '16:00:00', 10, 5),
(144, '2023-05-28', '18:00:00', 5, 5),
(145, '2023-05-28', '20:00:00', 10, 5),
(146, '2023-05-28', '22:00:00', 10, 5),
(147, '2023-05-28', '16:00:00', 18, 6),
(148, '2023-05-28', '19:00:00', 8, 6),
(149, '2023-05-28', '22:00:00', 3, 6),
(150, '2023-05-28', '16:00:00', 8, 7),
(151, '2023-05-28', '19:00:00', 12, 7),
(152, '2023-05-28', '22:00:00', 18, 7),
(153, '2023-05-29', '16:00:00', 20, 2),
(154, '2023-05-29', '18:00:00', 16, 2),
(155, '2023-05-29', '20:00:00', 8, 2),
(156, '2023-05-29', '16:00:00', 18, 3),
(157, '2023-05-29', '19:00:00', 9, 3),
(158, '2023-05-29', '21:00:00', 10, 3),
(159, '2023-05-29', '16:00:00', 3, 4),
(160, '2023-05-29', '18:00:00', 13, 4),
(161, '2023-05-29', '20:00:00', 10, 4),
(162, '2023-05-29', '22:00:00', 16, 4),
(163, '2023-05-29', '16:00:00', 4, 5),
(164, '2023-05-29', '18:00:00', 20, 5),
(165, '2023-05-29', '20:00:00', 1, 5),
(166, '2023-05-29', '22:00:00', 7, 5),
(167, '2023-05-29', '16:00:00', 8, 6),
(168, '2023-05-29', '19:00:00', 11, 6),
(169, '2023-05-29', '21:00:00', 19, 6),
(170, '2023-05-29', '16:00:00', 14, 7),
(171, '2023-05-29', '18:00:00', 2, 7),
(172, '2023-05-29', '20:00:00', 11, 7),
(173, '2023-05-29', '22:00:00', 5, 7),
(174, '2023-05-30', '16:00:00', 4, 2),
(175, '2023-05-30', '18:00:00', 8, 2),
(176, '2023-05-30', '21:00:00', 19, 2),
(177, '2023-05-30', '16:00:00', 2, 3),
(178, '2023-05-30', '18:00:00', 5, 3),
(179, '2023-05-30', '20:00:00', 2, 3),
(180, '2023-05-30', '22:00:00', 14, 3),
(181, '2023-05-30', '16:00:00', 19, 4),
(182, '2023-05-30', '18:00:00', 12, 4),
(183, '2023-05-30', '21:00:00', 5, 4),
(184, '2023-05-30', '16:00:00', 15, 5),
(185, '2023-05-30', '18:00:00', 19, 5),
(186, '2023-05-30', '20:00:00', 8, 5),
(187, '2023-05-30', '16:00:00', 1, 6),
(188, '2023-05-30', '18:00:00', 15, 6),
(189, '2023-05-30', '20:00:00', 18, 6),
(190, '2023-05-30', '16:00:00', 11, 7),
(191, '2023-05-30', '18:00:00', 17, 7),
(192, '2023-05-30', '20:00:00', 20, 7),
(193, '2023-05-30', '22:00:00', 12, 7),
(194, '2023-05-31', '16:00:00', 13, 2),
(195, '2023-05-31', '18:00:00', 18, 2),
(196, '2023-05-31', '21:00:00', 19, 2),
(197, '2023-05-31', '16:00:00', 4, 3),
(198, '2023-05-31', '18:00:00', 20, 3),
(199, '2023-05-31', '20:00:00', 7, 3),
(200, '2023-05-31', '22:00:00', 16, 3),
(201, '2023-05-31', '16:00:00', 10, 4),
(202, '2023-05-31', '18:00:00', 19, 4),
(203, '2023-05-31', '20:00:00', 10, 4),
(204, '2023-05-31', '22:00:00', 1, 4),
(205, '2023-05-31', '16:00:00', 19, 5),
(206, '2023-05-31', '18:00:00', 13, 5),
(207, '2023-05-31', '20:00:00', 5, 5),
(208, '2023-05-31', '22:00:00', 13, 5),
(209, '2023-05-31', '16:00:00', 14, 6),
(210, '2023-05-31', '18:00:00', 17, 6),
(211, '2023-05-31', '20:00:00', 15, 6),
(212, '2023-05-31', '22:00:00', 9, 6),
(213, '2023-05-31', '16:00:00', 11, 7),
(214, '2023-05-31', '18:00:00', 7, 7),
(215, '2023-05-31', '20:00:00', 18, 7),
(216, '2023-06-01', '16:00:00', 16, 2),
(217, '2023-06-01', '18:00:00', 9, 2),
(218, '2023-06-01', '20:00:00', 11, 2),
(219, '2023-06-01', '22:00:00', 14, 2),
(220, '2023-06-01', '16:00:00', 18, 3),
(221, '2023-06-01', '19:00:00', 4, 3),
(222, '2023-06-01', '21:00:00', 6, 3),
(223, '2023-06-01', '16:00:00', 9, 4),
(224, '2023-06-01', '18:00:00', 12, 4),
(225, '2023-06-01', '21:00:00', 17, 4),
(226, '2023-06-01', '16:00:00', 10, 5),
(227, '2023-06-01', '18:00:00', 15, 5),
(228, '2023-06-01', '20:00:00', 9, 5),
(229, '2023-06-01', '22:00:00', 19, 5),
(230, '2023-06-01', '16:00:00', 14, 6),
(231, '2023-06-01', '18:00:00', 18, 6),
(232, '2023-06-01', '21:00:00', 9, 6),
(233, '2023-06-01', '16:00:00', 11, 7),
(234, '2023-06-01', '18:00:00', 17, 7),
(235, '2023-06-01', '20:00:00', 12, 7);

-- --------------------------------------------------------

--
-- Estructura de tabla para la tabla `pelicula`
--

CREATE TABLE `pelicula` (
  `id_pelicula` smallint(6) NOT NULL,
  `nombre` varchar(200) COLLATE utf8mb4_spanish_ci NOT NULL,
  `imagen` varchar(200) COLLATE utf8mb4_spanish_ci DEFAULT NULL,
  `sinopsis` varchar(2000) COLLATE utf8mb4_spanish_ci DEFAULT NULL,
  `duracion` smallint(6) NOT NULL,
  `url` varchar(1000) COLLATE utf8mb4_spanish_ci DEFAULT NULL,
  `clasificacion` enum('TP','+7','+12','+16','+18') COLLATE utf8mb4_spanish_ci NOT NULL,
  `categoria` enum('Acción','Aventuras','Ciencia Ficción','Comedia','No-Ficción','Drama','Documental','Fantasía','Musical','Suspense','Terror','Thriller','Animación','Infantil') COLLATE utf8mb4_spanish_ci NOT NULL,
  `fecha_estreno` date DEFAULT NULL
) ENGINE=InnoDB DEFAULT CHARSET=utf8mb4 COLLATE=utf8mb4_spanish_ci;

--
-- Volcado de datos para la tabla `pelicula`
--

INSERT INTO `pelicula` (`id_pelicula`, `nombre`, `imagen`, `sinopsis`, `duracion`, `url`, `clasificacion`, `categoria`, `fecha_estreno`) VALUES
(1, 'Ocho apellidos vascos', 'ocho_apellidos.jpg', 'Rafa, un señorito andaluz que nunca ha salido de Sevilla, decide dejarlo todo para conquistar a Amaia, una chica vasca. Se muda al País Vasco y allí tendrá que adaptarse a un nuevo entorno y hacerse pasar por vasco para ganarse la aprobación del padre de Amaia.', 98, 'YfopzNHLp4o', 'TP', 'Comedia', '2014-03-14'),
(2, 'Oso Vicioso', 'oso_vicioso.jpg', 'Un varipinto grupo formado por policias, delincuentes, turistas y adolescentes converge en un bosque de Georgia donde un oso negro de 500 libras se vuelve loco después de ingerir cocaina sin querer, que cayo del avión de un narcotraficante.', 95, 'CvYGl5BESEI', '+16', 'Comedia', '2023-04-05'),
(3, 'Super Mario Bros', 'mario_bros.jpg', 'Adaptación de la serie de videojuegos de Nintendo. La película cuenta la historia de Mario y Luigi, dos hermanos que viajan a un mundo oculto para rescatar a la Princesa Peach, capturada por el malvado Rey Bowser. Las cosas, sin embargo no serán sencillas. Mario y Luigi tendrán que enfrentarse a un ejército de setas animadas antes de luchar contra su oponente. Rutas de ladrillos y castillos con múltiples peligros serán algunos de los obstáculos que los hermanos tendrán que superar para conseguir su objetivo.', 92, 'AevYlpcndXQ', 'TP', 'Aventuras', '2023-04-05'),
(4, 'Dungeons & Dragons: Honor entre ladrones', 'dungeons_dragons.jpg', 'Adaptación cinematográfica del primer juego de rol de la historia, publicado por primera vez en 1974. Un ladrón encantador y una banda de aventureros increíbles emprenden un atraco épico para recuperar una reliquia perdida, pero las cosas salen rematadamente mal cuando se topan con las personas equivocadas.', 134, 'YgB324ne4Ek', '+12', 'Aventuras', '2023-03-31'),
(5, 'Tin & Tina', 'Tin_Tina.jpg', 'Cuando Lola pierde los bebés que estaba esperando, también pierde su fe en Dios. Con la esperanza de recuperarla, acude junto a su marido Adolfo a un convento de monjas donde conocen a Tin y Tina, dos angelicales hermanos de siete años por los que Lola se siente extrañamente atraída. Aunque Adolfo no siente lo mismo, deciden adoptarlos. Con el paso del tiempo Lola empieza a caer en una espiral de sospecha y obsesión con los niños y sus macabros juegos religiosos.', 119, 'Cz7kTfxAEJE', '+16', 'Terror', '2023-03-31'),
(6, '65', '65.jpg', 'Después de un catastrófico accidente en un planeta desconocido, el piloto Mills (Adam Driver) descubre rápidamente que realmente está varado en la Tierra… hace 65 millones de años. Ahora, con solo una oportunidad de rescate, Mills y la otra única superviviente, Koa (Ariana Greenblatt), deberán abrirse camino a través del desconocido territorio plagado con peligrosas criaturas prehistóricas en una épica lucha por sobrevivir.', 93, 'YeKgkbYSUhA', '+16', 'Ciencia Ficción', '2023-03-24'),
(7, 'El hotel de los líos. García y García 2', 'el_hotel.jpg', 'Tras hacerse cargo de un hotelito destartalado, comprado por error en una subasta por un precio desorbitado, los dos Javier García viven una nueva aventura, ayudados esta vez, muy a su pesar, por un grupo de niños superdotados que se alojan en el hotel para asistir a la Final Nacional de Talentos. Junto a su explosiva profe, Martina, los niños se enfrentarán al mafioso Benito Camarena, que con sus secuaces - su madre y su hermano - tratarán de arrebatar a los García el botín escondido en el hotel, antigua guarida de los facinerosos. Spin-off de \'García y García\' (2021).', 95, 'lBW4smfROyQ', 'TP', 'Comedia', '2023-03-24'),
(8, 'John Wick 4', 'John_Wick.jpg', 'John Wick, legendario asesino retirado, vuelve de nuevo a la acción impulsado por una incontrolable búsqueda de venganza. Al tener que luchar contra asesinos sedientos de sangre que le persiguen, John tendrá que llevar sus habilidades al límite si quiere salir esta vez con vida.', 169, 'L0anWmmd8TI', '+12', 'Acción', '2023-03-24'),
(9, 'Scream VI', 'Scream_VI.jpg', 'Tras los últimos asesinatos de Ghostface, los cuatro supervivientes abandonan Woodsboro para dar comienzo a un nuevo capítulo en la ciudad de Nueva York.', 122, 'ECc_KdCZ8-I', '+16', 'Terror', '2023-03-10'),
(10, 'Mari(dos)', 'Mari(dos).jpg', 'Toni (Paco León) y Emilio (Ernesto Alterio) reciben la misma trágica llamada: sus mujeres están en coma tras un alud en una estación de esquí. Cuando se presentan en el mostrador de admisiones del hospital de montaña hacen un sorprendente descubrimiento: sus mujeres son, en realidad, la misma persona, Laura (Celia Freijeiro). Durante años, Laura ha llevado en secreto vidas paralelas, una salvaje montaña rusa a caballo entre sus dos familias. Obligados a convivir hasta que Laura despierte y pueda ser trasladada, Emilio y Toni luchan por demostrar quién de los dos es el único y auténtico marido.', 102, 'KPHk2hD8l28', '+12', 'Comedia', '2023-03-10'),
(11, 'Creed III', 'Creed_III.jpg', 'Después de dominar el mundo del boxeo, Adonis Creed ha progresado tanto en su carrera como en su vida familiar. Cuando Damian (Jonathan Majors), un amigo de la infancia y antiguo prodigio del boxeo, reaparece después de cumplir una larga condena en prisión, Adonis Creed quiere demostrar que merece una oportunidad en el ring. El enfrentamiento entre estos antiguos amigos es algo más que una simple pelea. Para ajustar cuentas, Adonis debe arriesgar su futuro para enfrentarse a Damian, un boxeador que no tiene nada que perder.', 117, 'ZBqVwzCKMck', '+12', 'Drama', '2023-03-03'),
(12, 'Avatar: El sentido del agua', 'Avatar.jpg', 'Ambientada más de una década después de los acontecimientos de la primera película, \'Avatar: The Way of Water\' empieza contando la historia de la familia Sully (Jake, Neytiri y sus hijos), los problemas que los persiguen, lo que tienen que hacer para mantenerse a salvo, las batallas que libran para seguir con vida y las tragedias que sufren. Secuela del éxito de taquilla Avatar (2009).', 192, 'FSyWAxUg3Go', '+12', 'Ciencia Ficción', '2022-12-16'),
(13, 'Air', 'Air.jpg', 'Narra la increíble y revolucionaria asociación entre Michael Jordan -un novato en ese momento- y la incipiente sección de baloncesto de Nike que revolucionó el mundo del deporte y la cultura contemporánea con la marca Air Jordan. Cuenta la atrevida apuesta que definió la carrera de un equipo poco convencional, la visión implacable de una madre que conoce el valor del inmenso talento de su hijo y el fenómeno del baloncesto que se convertiría en el más grande de todos los tiempos.', 112, 'KLyx_wvMkhk', '+12', 'Drama', '2023-04-05'),
(14, 'La memoria de un asesino', 'memory.jpg', 'Alex, un sicario, se convierte en el objetivo de su organización por negarse a cumplir un trabajo. Mientras huye de ellos, el FBI y el servicio de inteligencia mexicano siguen sus pasos, alertados por el reguero de cadáveres que deja por donde va.', 114, 'E17QCtHNh8g', '+18', 'Acción', '2022-08-05'),
(15, 'Black Adam', 'Black_Adam.jpg', 'Unos arqueólogos liberan de su tumba a Black Adam, quien llevaba 5000 años preso tras haber recibido los poderes de los dioses. De nuevo entre los humanos, Black Adam se dispone a imponer su justicia, muy diferente a la del mundo en el que despertó.', 125, 'u8IhWfgnicU', '+12', 'Acción', '2022-10-21'),
(16, 'El proyecto Adam', 'El_proyecto_Adam.jpg', 'Adam Reed, un viajero del tiempo y piloto de combate, aterriza en el año 2022. Allí, se encuentra con su yo de doce años y, junto a él, tratará de salvar el futuro.', 106, 'cIbg9zHw44A', '+12', 'Ciencia Ficción', '2022-02-28'),
(17, 'El visitante del futuro', 'El_visitante_del_futuro.jpg', 'Alice es una joven que se opone a la construcción de una central nuclear iniciada por su padre, que es diputado. Es entonces cuando un extraño visitante los traslada al año 2555, un futuro devastado por la explosión de la central.', 102, 'nYPinRsbiEk', '+18', 'Ciencia Ficción', '2022-08-18'),
(18, 'Spider-Man: No Way Home', 'Spider-Man.jpg', 'Esta versión extendida cuenta con más de 11 minutos contenido extra, incluyendo escenas eliminadas.Por primera vez en la historia cinematográfica de Spider-Man, nuestro héroe, vecino y amigo es desenmascarado y por tanto ya no es capaz de separar su vida normal de los enormes riesgos que conlleva ser un Súper Héroe. Cuando pide ayuda a Doctor Strange, los riesgos pasan a ser aún más peligrosos, obligándole a descubrir lo que realmente significa ser Spider-Man.', 148, 'SkmRT3M4Vx4', '+7', 'Acción', '2021-12-17'),
(19, 'Encanto', 'Encanto.jpg', 'En lo alto de las montañas de Colombia hay un lugar encantado llamado Encanto. Aquí, en una casa mágica, vive la extraordinaria familia Madrigal donde todos tienen habilidades fantásticas.', 109, 'SAH_W9q_brE', 'TP', 'Infantil', '2021-11-24'),
(20, 'Bienvenido Mister Marshall', 'BienvenidoMisterMarshall.jpg', 'Años 50. Villar del Río es un pequeño y tranquilo pueblo en el que nunca pasa nada. Sin embargo, el mismo día en que llegan la cantante folclórica Carmen Vargas y su representante, el alcalde (Pepe Isbert) recibe la noticia de la inminente visita de un comité del Plan Marshall (proyecto económico americano para la reconstrucción de Europa). La novedad provoca un gran revuelo entre la gente, que se dispone a ofrecer a los americanos un recibimiento muy especial. Viva ¡Guadalix!', 75, 'pFcaobDW42g', '+16', 'Comedia', '2023-05-19');

-- --------------------------------------------------------

--
-- Estructura de tabla para la tabla `reserva`
--

CREATE TABLE `reserva` (
  `id_reserva` smallint(6) NOT NULL,
  `id_horario` smallint(6) NOT NULL,
  `id_usuario` smallint(6) NOT NULL,
  `id_sala` smallint(6) NOT NULL,
  `id_butaca` smallint(6) NOT NULL,
  `precio` double NOT NULL
) ENGINE=InnoDB DEFAULT CHARSET=utf8mb4 COLLATE=utf8mb4_spanish_ci;

-- --------------------------------------------------------

--
-- Estructura de tabla para la tabla `sala`
--

CREATE TABLE `sala` (
  `id_sala` smallint(6) NOT NULL,
  `descripcion` varchar(2000) COLLATE utf8mb4_spanish_ci DEFAULT NULL,
  `capacidad` smallint(6) DEFAULT NULL,
  `habilitada` tinyint(1) NOT NULL,
  `luxury` tinyint(1) NOT NULL
) ENGINE=InnoDB DEFAULT CHARSET=utf8mb4 COLLATE=utf8mb4_spanish_ci;

--
-- Volcado de datos para la tabla `sala`
--

INSERT INTO `sala` (`id_sala`, `descripcion`, `capacidad`, `habilitada`, `luxury`) VALUES
(2, 'Sala Sofia', 172, 0, 0),
(3, 'Luxury', 42, 0, 1),
(4, 'Infantil', 314, 0, 0),
(5, 'Mayores de 18', 130, 0, 0),
(6, 'Eventos Especiales', 696, 1, 0),
(7, 'Normal', 200, 0, 0);

-- --------------------------------------------------------

--
-- Estructura de tabla para la tabla `usuario`
--

CREATE TABLE `usuario` (
  `id_usuario` smallint(6) NOT NULL,
  `nombre` varchar(30) COLLATE utf8mb4_spanish_ci DEFAULT NULL,
  `apellido` varchar(30) COLLATE utf8mb4_spanish_ci DEFAULT NULL,
  `correo` varchar(50) COLLATE utf8mb4_spanish_ci DEFAULT NULL,
  `contrasena` char(64) COLLATE utf8mb4_spanish_ci DEFAULT NULL,
  `rol` enum('Administrador','Cliente') COLLATE utf8mb4_spanish_ci NOT NULL
) ENGINE=InnoDB DEFAULT CHARSET=utf8mb4 COLLATE=utf8mb4_spanish_ci;

--
-- Volcado de datos para la tabla `usuario`
--

INSERT INTO `usuario` (`id_usuario`, `nombre`, `apellido`, `correo`, `contrasena`, `rol`) VALUES
(13, 'Richi', 'Hernán Márquez', 'ricarhym@gmail.com', '$2y$10$30qt47TmdYKPPrKFEhiG1eNy.BRFSaIfnWttNAQIZZ9br.xr/m6jS', 'Administrador'),
(14, 'Ruben', 'Domingo', 'ruben.domingorobledo@gmail.com', '$2y$10$YnKE4K5t86dmwYviA4NjcOQrX3tOiPx0jkDqHY7epMFIhbCM/WMqW', 'Administrador'),
(15, 'Ruben', 'Portuguez', 'rubenportuguecarrillo@gmail.com', '$2y$10$btAUjb94rmIfnuE21XYsNO84dCcFVLTcOfGD58/DPMgc8AE2AUIZi', 'Administrador');

--
-- Índices para tablas volcadas
--

--
-- Indices de la tabla `butaca`
--
ALTER TABLE `butaca`
  ADD PRIMARY KEY (`id_butaca`),
  ADD KEY `fk_id_sala` (`id_sala`);

--
-- Indices de la tabla `comentario`
--
ALTER TABLE `comentario`
  ADD PRIMARY KEY (`id_comentario`),
  ADD KEY `fk_id_pelicula` (`id_pelicula`),
  ADD KEY `fk_id_usuario` (`id_usuario`);

--
-- Indices de la tabla `horario`
--
ALTER TABLE `horario`
  ADD PRIMARY KEY (`id_horario`),
  ADD KEY `pelicula_fk` (`id_pelicula`),
  ADD KEY `sala_fk` (`id_sala`);

--
-- Indices de la tabla `pelicula`
--
ALTER TABLE `pelicula`
  ADD PRIMARY KEY (`id_pelicula`);

--
-- Indices de la tabla `reserva`
--
ALTER TABLE `reserva`
  ADD PRIMARY KEY (`id_reserva`),
  ADD KEY `id_sala_fk` (`id_sala`),
  ADD KEY `id_horario_fk` (`id_horario`),
  ADD KEY `id_butaca_fk` (`id_butaca`),
  ADD KEY `id_usuario_fk` (`id_usuario`);

--
-- Indices de la tabla `sala`
--
ALTER TABLE `sala`
  ADD PRIMARY KEY (`id_sala`);

--
-- Indices de la tabla `usuario`
--
ALTER TABLE `usuario`
  ADD PRIMARY KEY (`id_usuario`);

--
-- AUTO_INCREMENT de las tablas volcadas
--

--
-- AUTO_INCREMENT de la tabla `butaca`
--
ALTER TABLE `butaca`
  MODIFY `id_butaca` smallint(6) NOT NULL AUTO_INCREMENT, AUTO_INCREMENT=16757;

--
-- AUTO_INCREMENT de la tabla `comentario`
--
ALTER TABLE `comentario`
  MODIFY `id_comentario` smallint(100) NOT NULL AUTO_INCREMENT, AUTO_INCREMENT=4;

--
-- AUTO_INCREMENT de la tabla `horario`
--
ALTER TABLE `horario`
  MODIFY `id_horario` smallint(6) NOT NULL AUTO_INCREMENT, AUTO_INCREMENT=32768;

--
-- AUTO_INCREMENT de la tabla `pelicula`
--
ALTER TABLE `pelicula`
  MODIFY `id_pelicula` smallint(6) NOT NULL AUTO_INCREMENT, AUTO_INCREMENT=35;

--
-- AUTO_INCREMENT de la tabla `reserva`
--
ALTER TABLE `reserva`
  MODIFY `id_reserva` smallint(6) NOT NULL AUTO_INCREMENT, AUTO_INCREMENT=399;

--
-- AUTO_INCREMENT de la tabla `sala`
--
ALTER TABLE `sala`
  MODIFY `id_sala` smallint(6) NOT NULL AUTO_INCREMENT, AUTO_INCREMENT=38;

--
-- AUTO_INCREMENT de la tabla `usuario`
--
ALTER TABLE `usuario`
  MODIFY `id_usuario` smallint(6) NOT NULL AUTO_INCREMENT, AUTO_INCREMENT=16;

--
-- Restricciones para tablas volcadas
--

--
-- Filtros para la tabla `butaca`
--
ALTER TABLE `butaca`
  ADD CONSTRAINT `fk_id_sala` FOREIGN KEY (`id_sala`) REFERENCES `sala` (`id_sala`) ON DELETE CASCADE ON UPDATE CASCADE;

--
-- Filtros para la tabla `comentario`
--
ALTER TABLE `comentario`
  ADD CONSTRAINT `fk_id_pelicula` FOREIGN KEY (`id_pelicula`) REFERENCES `pelicula` (`id_pelicula`) ON DELETE CASCADE ON UPDATE CASCADE,
  ADD CONSTRAINT `fk_id_usuario` FOREIGN KEY (`id_usuario`) REFERENCES `usuario` (`id_usuario`) ON DELETE CASCADE ON UPDATE CASCADE;

--
-- Filtros para la tabla `horario`
--
ALTER TABLE `horario`
  ADD CONSTRAINT `pelicula_fk` FOREIGN KEY (`id_pelicula`) REFERENCES `pelicula` (`id_pelicula`) ON DELETE CASCADE ON UPDATE CASCADE,
  ADD CONSTRAINT `sala_fk` FOREIGN KEY (`id_sala`) REFERENCES `sala` (`id_sala`) ON DELETE CASCADE ON UPDATE CASCADE;

--
-- Filtros para la tabla `reserva`
--
ALTER TABLE `reserva`
  ADD CONSTRAINT `id_butaca_fk` FOREIGN KEY (`id_butaca`) REFERENCES `butaca` (`id_butaca`) ON DELETE CASCADE ON UPDATE CASCADE,
  ADD CONSTRAINT `id_horario_fk` FOREIGN KEY (`id_horario`) REFERENCES `horario` (`id_horario`) ON DELETE CASCADE ON UPDATE CASCADE,
  ADD CONSTRAINT `id_sala_fk` FOREIGN KEY (`id_sala`) REFERENCES `sala` (`id_sala`) ON DELETE CASCADE ON UPDATE CASCADE,
  ADD CONSTRAINT `id_usuario_fk` FOREIGN KEY (`id_usuario`) REFERENCES `usuario` (`id_usuario`) ON DELETE CASCADE ON UPDATE CASCADE;
COMMIT;

/*!40101 SET CHARACTER_SET_CLIENT=@OLD_CHARACTER_SET_CLIENT */;
/*!40101 SET CHARACTER_SET_RESULTS=@OLD_CHARACTER_SET_RESULTS */;
/*!40101 SET COLLATION_CONNECTION=@OLD_COLLATION_CONNECTION */;
